,temp,species,estimate,rmax_upr,rmax_lwr,ksmallestimate,ksmallrmax_upr,ksmallrmax_lwr
1,16.31313131,Tetraneura nigriabdominalis,0,0.047176544,-0.052530079,0,0.04733921,-0.045118438
2,16.56565657,Tetraneura nigriabdominalis,-0.003995935,0.050575459,-0.035196075,0.000642665,0.050498152,-0.028891603
3,16.81818182,Tetraneura nigriabdominalis,0.006885431,0.05382544,-0.020189585,0.010658224,0.053520433,-0.014753526
4,17.07070707,Tetraneura nigriabdominalis,0.016506575,0.056937142,-0.007171663,0.01952444,0.056419967,-0.002438416
5,17.32323232,Tetraneura nigriabdominalis,0.025054249,0.059945827,0.004271827,0.027411634,0.059210923,0.008216103
6,17.57575758,Tetraneura nigriabdominalis,0.032688214,0.062851305,0.014434544,0.034465554,0.061904625,0.017531518
7,17.82828283,Tetraneura nigriabdominalis,0.03954517,0.065658824,0.023424648,0.040810953,0.064549037,0.025770618
8,18.08080808,Tetraneura nigriabdominalis,0.04574211,0.068404417,0.031334685,0.046554636,0.067140647,0.033218896
9,18.33333333,Tetraneura nigriabdominalis,0.051379179,0.071077218,0.038295385,0.051788063,0.069683816,0.039949204
10,18.58585859,Tetraneura nigriabdominalis,0.05654212,0.073722276,0.044572503,0.056589573,0.072221091,0.046058845
11,18.83838384,Tetraneura nigriabdominalis,0.06130435,0.076353442,0.050273014,0.061026273,0.074685954,0.051583655
12,19.09090909,Tetraneura nigriabdominalis,0.065728744,0.078926088,0.055559131,0.06515566,0.077101339,0.056616091
13,19.34343434,Tetraneura nigriabdominalis,0.06986915,0.081468373,0.060485896,0.069027003,0.079519675,0.061192015
14,19.5959596,Tetraneura nigriabdominalis,0.073771685,0.084003809,0.065066111,0.07268252,0.081904656,0.065455121
15,19.84848485,Tetraneura nigriabdominalis,0.07747584,0.086555356,0.069362936,0.076158389,0.084293316,0.069511807
16,20.1010101,Tetraneura nigriabdominalis,0.081015427,0.089099489,0.073396676,0.079485602,0.086693036,0.073216559
17,20.35353535,Tetraneura nigriabdominalis,0.084419383,0.091719454,0.077269305,0.082690707,0.089159274,0.076702266
18,20.60606061,Tetraneura nigriabdominalis,0.087712461,0.094304896,0.08089522,0.085796429,0.091566789,0.080303905
19,20.85858586,Tetraneura nigriabdominalis,0.090915813,0.097008058,0.084467997,0.08882221,0.094060623,0.083534767
20,21.11111111,Tetraneura nigriabdominalis,0.094047497,0.099694461,0.08790759,0.091784663,0.09662355,0.086656888
21,21.36363636,Tetraneura nigriabdominalis,0.097122901,0.102350054,0.091193571,0.094697963,0.099183487,0.08974782
22,21.61616162,Tetraneura nigriabdominalis,0.100155109,0.105042679,0.09444844,0.097574181,0.101773212,0.092796213
23,21.86868687,Tetraneura nigriabdominalis,0.103155211,0.107837163,0.097728354,0.100423565,0.104360626,0.095804174
24,22.12121212,Tetraneura nigriabdominalis,0.106132571,0.110613397,0.100819397,0.103254784,0.107020468,0.098877575
25,22.37373737,Tetraneura nigriabdominalis,0.109095045,0.113385839,0.103904541,0.10607513,0.109680443,0.101821484
26,22.62626263,Tetraneura nigriabdominalis,0.112049181,0.116178558,0.107019743,0.108890696,0.112380918,0.104665538
27,22.87878788,Tetraneura nigriabdominalis,0.115000372,0.119070541,0.110150558,0.11170652,0.115167716,0.107508489
28,23.13131313,Tetraneura nigriabdominalis,0.117952998,0.121965486,0.113296991,0.11452671,0.117967662,0.110457245
29,23.38383838,Tetraneura nigriabdominalis,0.120910537,0.124883407,0.116414533,0.117354548,0.120751598,0.113304601
30,23.63636364,Tetraneura nigriabdominalis,0.123875661,0.127643018,0.11945287,0.120192576,0.123594859,0.116259089
31,23.88888889,Tetraneura nigriabdominalis,0.126850309,0.130529009,0.122300649,0.123042666,0.126491921,0.119161822
32,24.14141414,Tetraneura nigriabdominalis,0.129835753,0.1334206,0.125250996,0.12590607,0.129294562,0.121902698
33,24.39393939,Tetraneura nigriabdominalis,0.132832635,0.136392439,0.128217705,0.128783468,0.132184714,0.12470301
34,24.64646465,Tetraneura nigriabdominalis,0.135841003,0.139471357,0.131278665,0.131674981,0.135089688,0.127660917
35,24.8989899,Tetraneura nigriabdominalis,0.138860308,0.142733047,0.134305768,0.134580188,0.137959439,0.130549517
36,25.15151515,Tetraneura nigriabdominalis,0.141889398,0.145938832,0.137183469,0.137498101,0.140916121,0.133375803
37,25.4040404,Tetraneura nigriabdominalis,0.144926469,0.149158251,0.140289828,0.140427126,0.14403851,0.13615153
38,25.65656566,Tetraneura nigriabdominalis,0.147968977,0.152435629,0.143183541,0.143364979,0.147304369,0.138890734
39,25.90909091,Tetraneura nigriabdominalis,0.15101349,0.155705245,0.146039816,0.146308543,0.150482561,0.141568236
40,26.16161616,Tetraneura nigriabdominalis,0.154055455,0.159105241,0.148831576,0.149253649,0.153756539,0.144339655
41,26.41414141,Tetraneura nigriabdominalis,0.157088831,0.162580585,0.151605913,0.152194729,0.15703219,0.147185015
42,26.66666667,Tetraneura nigriabdominalis,0.160105536,0.165958323,0.154320347,0.155124291,0.160271986,0.149935224
43,26.91919192,Tetraneura nigriabdominalis,0.163094604,0.169321761,0.156981104,0.158032127,0.163546454,0.152643583
44,27.17171717,Tetraneura nigriabdominalis,0.166040925,0.172592209,0.15968814,0.160904121,0.166745226,0.15528194
45,27.42424242,Tetraneura nigriabdominalis,0.168923375,0.175976096,0.162337829,0.163720477,0.170048394,0.157874294
46,27.67676768,Tetraneura nigriabdominalis,0.171712064,0.17936874,0.164926285,0.166453121,0.173370558,0.160522273
47,27.92929293,Tetraneura nigriabdominalis,0.174364354,0.182748045,0.167421306,0.169061923,0.176663812,0.163061612
48,28.18181818,Tetraneura nigriabdominalis,0.176819223,0.186013472,0.169800371,0.171489365,0.179654801,0.165448009
49,28.43434343,Tetraneura nigriabdominalis,0.178989592,0.189170565,0.171901881,0.173653245,0.182614324,0.167680867
50,28.68686869,Tetraneura nigriabdominalis,0.180752442,0.192069099,0.173655833,0.175437279,0.185356593,0.169333535
51,28.93939394,Tetraneura nigriabdominalis,0.181937324,0.194617449,0.174844599,0.176680139,0.187801409,0.170643346
52,29.19191919,Tetraneura nigriabdominalis,0.182315463,0.196311445,0.175416475,0.177164986,0.18933738,0.171319837
53,29.44444444,Tetraneura nigriabdominalis,0.181594379,0.195699879,0.175043873,0.176614145,0.189499778,0.171390236
54,29.6969697,Tetraneura nigriabdominalis,0.179426125,0.190545457,0.174384578,0.174696596,0.184665686,0.171355534
55,29.94949495,Tetraneura nigriabdominalis,0.175438329,0.179965722,0.171921359,0.171057029,0.174615245,0.168838415
56,30.2020202,Tetraneura nigriabdominalis,0.169291547,0.175696741,0.147828924,0.165369915,0.170592453,0.146495526
57,30.45454545,Tetraneura nigriabdominalis,0.160751385,0.173410079,0.106901409,0.157407825,0.168278679,0.107715969
58,30.70707071,Tetraneura nigriabdominalis,0.149747036,0.170220834,0.056895153,0.147097273,0.164998642,0.060659458
59,30.95959596,Tetraneura nigriabdominalis,0.136386437,0.166390409,0.000794179,0.134533744,0.162131885,0.006671616
60,31.21212121,Tetraneura nigriabdominalis,0.120920185,0.161957974,-0.057825015,0.11994824,0.158179898,-0.049035046
61,31.46464646,Tetraneura nigriabdominalis,0.103674843,0.156890214,-0.1,0.103644595,0.154202805,-0.1
62,31.71717172,Tetraneura nigriabdominalis,0.084986715,0.151380242,-0.1,0.085936907,0.148958903,-0.1
63,31.96969697,Tetraneura nigriabdominalis,0.065156242,0.144784995,-0.1,0.067106252,0.143230696,-0.1
64,32.22222222,Tetraneura nigriabdominalis,0.044426289,0.137481369,-0.1,0.047379893,0.136374865,-0.1
65,32.47474747,Tetraneura nigriabdominalis,0.022977563,0.129480928,-0.1,0.026926698,0.128894995,-0.1
66,32.72727273,Tetraneura nigriabdominalis,0.000932628,0.120924798,-0.1,0.005860712,0.121110774,-0.1
67,32.97979798,Tetraneura nigriabdominalis,0,0.112026058,-0.1,0,0.112708953,-0.1
68,13.41414141,Anthonomus grandis,0,0.040521505,-0.1,0,0.028082105,-0.1
69,13.6969697,Anthonomus grandis,0.017772611,0.044102848,-0.1,0.006082788,0.031032324,-0.1
70,13.97979798,Anthonomus grandis,0.030954254,0.046991994,-0.1,0.019900034,0.033477539,-0.1
71,14.26262626,Anthonomus grandis,0.037464717,0.049367797,-0.080139245,0.026527701,0.035503008,-0.073794065
72,14.54545455,Anthonomus grandis,0.040800478,0.051400121,0.000529541,0.029543748,0.037386298,-0.006692557
73,14.82828283,Anthonomus grandis,0.042795232,0.054606319,0.02225047,0.031040153,0.040202051,0.009764034
74,15.11111111,Anthonomus grandis,0.044287815,0.054736128,0.026812211,0.032035081,0.038641218,0.014475367
75,15.39393939,Anthonomus grandis,0.045622484,0.053251149,0.028701774,0.032937299,0.035225297,0.01600356
76,15.67676768,Anthonomus grandis,0.04692957,0.053675596,0.030427627,0.033879278,0.035230023,0.017245057
77,15.95959596,Anthonomus grandis,0.04825517,0.054702872,0.032077216,0.034890149,0.036218609,0.018591056
78,16.24242424,Anthonomus grandis,0.049614306,0.055891368,0.033591723,0.035967683,0.03698248,0.019833396
79,16.52525253,Anthonomus grandis,0.051011209,0.057359867,0.035221368,0.037103499,0.03831613,0.021143905
80,16.80808081,Anthonomus grandis,0.052446695,0.058578927,0.036886057,0.038290292,0.039578911,0.022484535
81,17.09090909,Anthonomus grandis,0.053920737,0.059841713,0.038604351,0.039523129,0.040908787,0.023819929
82,17.37373737,Anthonomus grandis,0.055433288,0.061064085,0.04036521,0.040799108,0.04226,0.025228762
83,17.65656566,Anthonomus grandis,0.056984506,0.062533573,0.042216532,0.04211677,0.043693143,0.026615508
84,17.93939394,Anthonomus grandis,0.058574762,0.063921426,0.044101423,0.043475603,0.045095878,0.028078372
85,18.22222222,Anthonomus grandis,0.060204614,0.065384353,0.046103719,0.044875702,0.046730817,0.02967884
86,18.50505051,Anthonomus grandis,0.061874754,0.066925751,0.048008432,0.046317546,0.04847047,0.031238098
87,18.78787879,Anthonomus grandis,0.063585972,0.068505222,0.050006952,0.047801854,0.05011051,0.032829774
88,19.07070707,Anthonomus grandis,0.065339133,0.070135137,0.052071077,0.049329503,0.051545309,0.034533943
89,19.35353535,Anthonomus grandis,0.067135148,0.071791571,0.054309827,0.05090147,0.053364164,0.036333067
90,19.63636364,Anthonomus grandis,0.068974966,0.073573165,0.056523648,0.052518801,0.054997902,0.038130766
91,19.91919192,Anthonomus grandis,0.070859559,0.075219951,0.058543329,0.054182588,0.056848837,0.039988654
92,20.2020202,Anthonomus grandis,0.072789912,0.077066771,0.060615771,0.055893958,0.058377659,0.041590672
93,20.48484848,Anthonomus grandis,0.074767019,0.07895785,0.062819873,0.057654056,0.060107991,0.043298763
94,20.76767677,Anthonomus grandis,0.07679187,0.080754497,0.065221937,0.059464044,0.061711929,0.045119105
95,21.05050505,Anthonomus grandis,0.078865443,0.08273763,0.067647589,0.061325086,0.063572805,0.047140473
96,21.33333333,Anthonomus grandis,0.080988692,0.084676422,0.070022796,0.063238339,0.065364615,0.049384215
97,21.61616162,Anthonomus grandis,0.083162531,0.086536857,0.072398365,0.065204944,0.067309243,0.051837136
98,21.8989899,Anthonomus grandis,0.085387817,0.088623579,0.075020419,0.067226008,0.069394427,0.054311868
99,22.18181818,Anthonomus grandis,0.087665325,0.090817332,0.077566785,0.069302585,0.071441483,0.056833486
100,22.46464646,Anthonomus grandis,0.089995712,0.093078574,0.080229854,0.071435649,0.073358187,0.059320151
101,22.74747475,Anthonomus grandis,0.092379484,0.095495974,0.082825176,0.073626066,0.075593902,0.061743067
102,23.03030303,Anthonomus grandis,0.094816935,0.097854825,0.08554172,0.075874543,0.077835775,0.06440763
103,23.31313131,Anthonomus grandis,0.097308084,0.100214059,0.088514504,0.078181579,0.080008407,0.067044496
104,23.5959596,Anthonomus grandis,0.099852584,0.102582682,0.091391859,0.080547387,0.082387508,0.06972669
105,23.87878788,Anthonomus grandis,0.10244961,0.105109878,0.094187767,0.082971804,0.084856721,0.072476113
106,24.16161616,Anthonomus grandis,0.105097715,0.107603671,0.097200248,0.085454171,0.08734714,0.075376098
107,24.44444444,Anthonomus grandis,0.107794646,0.110129769,0.100318358,0.087993176,0.089667357,0.078333229
108,24.72727273,Anthonomus grandis,0.110537113,0.112677116,0.103470127,0.090586659,0.092143824,0.081225264
109,25.01010101,Anthonomus grandis,0.113320498,0.115299693,0.106139097,0.093231369,0.09465321,0.08422283
110,25.29292929,Anthonomus grandis,0.116138492,0.118301799,0.10891189,0.095922653,0.097245713,0.086702239
111,25.57575758,Anthonomus grandis,0.118982657,0.121504383,0.111564232,0.098654075,0.100036636,0.089226609
112,25.85858586,Anthonomus grandis,0.121841884,0.124708197,0.11411428,0.101416958,0.10288895,0.091950479
113,26.14141414,Anthonomus grandis,0.124701768,0.1281504,0.116609641,0.104199829,0.105870264,0.094624385
114,26.42424242,Anthonomus grandis,0.127543883,0.131550277,0.119136433,0.106987789,0.108664431,0.097327996
115,26.70707071,Anthonomus grandis,0.13034498,0.135142878,0.121164044,0.1097618,0.111537096,0.099732141
116,26.98989899,Anthonomus grandis,0.133076167,0.138633495,0.12335581,0.112497949,0.11451261,0.101996302
117,27.27272727,Anthonomus grandis,0.135702128,0.142066224,0.124974292,0.115166725,0.117582704,0.103822111
118,27.55555556,Anthonomus grandis,0.138180515,0.14581336,0.126641298,0.117732439,0.120709628,0.105397555
119,27.83838384,Anthonomus grandis,0.140461671,0.149521479,0.128154147,0.120152907,0.124447552,0.10686127
120,28.12121212,Anthonomus grandis,0.142488889,0.153350214,0.129244851,0.122379585,0.12799245,0.107987341
121,28.4040404,Anthonomus grandis,0.144199398,0.157198275,0.129744609,0.124358329,0.131505053,0.108785596
122,28.68686869,Anthonomus grandis,0.145526231,0.160955108,0.130262753,0.12603092,0.134821275,0.109357958
123,28.96969697,Anthonomus grandis,0.146400989,0.163876184,0.129981552,0.127337393,0.137737587,0.108814908
124,29.25252525,Anthonomus grandis,0.146757306,0.164963858,0.12935108,0.128219014,0.139269091,0.108118669
125,29.53535354,Anthonomus grandis,0.14653461,0.161702053,0.128068586,0.128621564,0.137902299,0.106775124
126,29.81818182,Anthonomus grandis,0.145681566,0.153631641,0.126233206,0.12849841,0.132411396,0.104833138
127,30.1010101,Anthonomus grandis,0.144158601,0.146428855,0.112911853,0.127812805,0.127347103,0.09307613
128,30.38383838,Anthonomus grandis,0.141939001,0.145431204,0.073403874,0.126538947,0.127888266,0.058379264
129,30.66666667,Anthonomus grandis,0.139008441,0.143827111,0.02670523,0.124661604,0.128147289,0.016246593
130,30.94949495,Anthonomus grandis,0.135363119,0.141354851,-0.025563119,0.122174373,0.128141459,-0.031777053
131,31.23232323,Anthonomus grandis,0.131006953,0.139495221,-0.083847665,0.119076892,0.127840104,-0.084077237
132,31.51515152,Anthonomus grandis,0.125948408,0.138034662,-0.1,0.115371389,0.12733482,-0.1
133,31.7979798,Anthonomus grandis,0.120197476,0.136139072,-0.1,0.111058929,0.126589384,-0.1
134,32.08080808,Anthonomus grandis,0.113763182,0.134333841,-0.1,0.106135539,0.12570002,-0.1
135,32.36363636,Anthonomus grandis,0.106651841,0.132570981,-0.1,0.100588281,0.124534934,-0.1
136,32.64646465,Anthonomus grandis,0.098866138,0.130247953,-0.1,0.094391171,0.123328109,-0.1
137,32.92929293,Anthonomus grandis,0.090405038,0.12831937,-0.1,0.087500864,0.121785639,-0.1
138,33.21212121,Anthonomus grandis,0.081264529,0.126399193,-0.1,0.079852153,0.120127585,-0.1
139,33.49494949,Anthonomus grandis,0.071439168,0.123863501,-0.1,0.071353717,0.117602695,-0.1
140,33.77777778,Anthonomus grandis,0.06092448,0.11985063,-0.1,0.061885341,0.115279822,-0.1
141,34.06060606,Anthonomus grandis,0.049720223,0.116039968,-0.1,0.051299209,0.111614149,-0.1
142,34.34343434,Anthonomus grandis,0.037834546,0.110814862,-0.1,0.039429885,0.106572584,-0.1
143,34.62626263,Anthonomus grandis,0.025288946,0.102687995,-0.1,0.026119768,0.09827966,-0.1
144,34.90909091,Anthonomus grandis,0.012123816,0.088715014,-0.1,0.011267451,0.083129452,-0.1
145,35.19191919,Anthonomus grandis,0,0.0808089,-0.1,0,0.07385006,-0.1
146,2.474747475,Rhopalosiphum maidis,0,0.016802304,-0.023383254,0,0.01828747,-0.023684446
147,2.828282828,Rhopalosiphum maidis,0.001385177,0.019012127,-0.020985281,0.00278024,0.020539336,-0.021104045
148,3.181818182,Rhopalosiphum maidis,0.003797335,0.021277876,-0.018502456,0.005258355,0.022782229,-0.01844748
149,3.535353535,Rhopalosiphum maidis,0.00626889,0.023553763,-0.016001575,0.007791682,0.025063983,-0.015791366
150,3.888888889,Rhopalosiphum maidis,0.008797087,0.025911566,-0.013421698,0.010375943,0.027373583,-0.01297189
151,4.242424242,Rhopalosiphum maidis,0.011378593,0.028272808,-0.010699935,0.013006116,0.029682693,-0.010132517
152,4.595959596,Rhopalosiphum maidis,0.014009508,0.030677588,-0.007943061,0.015676467,0.03202133,-0.007099807
153,4.949494949,Rhopalosiphum maidis,0.016685393,0.033081043,-0.005095721,0.018380584,0.03435826,-0.003999379
154,5.303030303,Rhopalosiphum maidis,0.019401304,0.0355167,-0.002142731,0.02111144,0.03672295,-0.000860186
155,5.656565657,Rhopalosiphum maidis,0.022151846,0.037983638,0.000811227,0.023861476,0.039102808,0.002344563
156,6.01010101,Rhopalosiphum maidis,0.024931239,0.040471894,0.003899477,0.026622705,0.041486425,0.005503831
157,6.363636364,Rhopalosiphum maidis,0.027733396,0.042963445,0.006989412,0.029386835,0.043871178,0.008714277
158,6.717171717,Rhopalosiphum maidis,0.030552016,0.045408459,0.010145351,0.03214541,0.046257429,0.01192991
159,7.070707071,Rhopalosiphum maidis,0.033380687,0.047835747,0.013211768,0.034889967,0.04855846,0.015081794
160,7.424242424,Rhopalosiphum maidis,0.036213,0.050347775,0.016320075,0.037612207,0.05080068,0.018344961
161,7.777777778,Rhopalosiphum maidis,0.039042664,0.052842474,0.019474692,0.040304168,0.053017723,0.02152729
162,8.131313131,Rhopalosiphum maidis,0.04186363,0.055294596,0.02263803,0.042958404,0.055192783,0.024663158
163,8.484848485,Rhopalosiphum maidis,0.044670212,0.05768583,0.025869312,0.045568161,0.057326539,0.027827914
164,8.838383838,Rhopalosiphum maidis,0.047457208,0.060117363,0.029036605,0.048127536,0.059435677,0.030956054
165,9.191919192,Rhopalosiphum maidis,0.050220011,0.062499005,0.032219118,0.050631633,0.06143013,0.034137722
166,9.545454545,Rhopalosiphum maidis,0.052954711,0.064755601,0.03535442,0.053076687,0.063338266,0.037273843
167,9.898989899,Rhopalosiphum maidis,0.055658186,0.066984584,0.038525974,0.05546017,0.065207979,0.040270336
168,10.25252525,Rhopalosiphum maidis,0.058328175,0.069210019,0.041638954,0.057780873,0.067058625,0.043200837
169,10.60606061,Rhopalosiphum maidis,0.060963337,0.071428475,0.044738166,0.060038946,0.068838475,0.046093842
170,10.95959596,Rhopalosiphum maidis,0.063563292,0.07359631,0.047812862,0.062235921,0.070606875,0.04890181
171,11.31313131,Rhopalosiphum maidis,0.066128637,0.075642316,0.05088861,0.064374697,0.072228245,0.051670731
172,11.66666667,Rhopalosiphum maidis,0.068660954,0.077696797,0.054018611,0.066459498,0.073832669,0.054376262
173,12.02020202,Rhopalosiphum maidis,0.071162791,0.079809109,0.057044242,0.068495804,0.075412244,0.056996898
174,12.37373737,Rhopalosiphum maidis,0.073637629,0.081925172,0.060005062,0.070490266,0.077037023,0.059593579
175,12.72727273,Rhopalosiphum maidis,0.07608984,0.083955195,0.062989574,0.072450591,0.07858854,0.062118746
176,13.08080808,Rhopalosiphum maidis,0.078524619,0.085991744,0.06597149,0.074385427,0.080167565,0.064577191
177,13.43434343,Rhopalosiphum maidis,0.080947924,0.088030055,0.068927291,0.076304222,0.081706887,0.067026929
178,13.78787879,Rhopalosiphum maidis,0.083366391,0.090092337,0.071814693,0.078217096,0.083221314,0.069352299
179,14.14141414,Rhopalosiphum maidis,0.08578725,0.092090957,0.074722673,0.080134697,0.084878289,0.07171097
180,14.49494949,Rhopalosiphum maidis,0.088218243,0.094123842,0.077599679,0.082068064,0.086527191,0.074090921
181,14.84848485,Rhopalosiphum maidis,0.090667531,0.096235792,0.08046458,0.084028499,0.088171847,0.076527657
182,15.2020202,Rhopalosiphum maidis,0.093143609,0.098545648,0.083455151,0.086027441,0.089939002,0.078885853
183,15.55555556,Rhopalosiphum maidis,0.095655216,0.100853692,0.086496176,0.088076353,0.091780132,0.081325692
184,15.90909091,Rhopalosiphum maidis,0.098211254,0.103136588,0.089512676,0.090186616,0.093724148,0.083815227
185,16.26262626,Rhopalosiphum maidis,0.100820708,0.105486313,0.092460008,0.092369439,0.095718251,0.086404072
186,16.61616162,Rhopalosiphum maidis,0.103492569,0.107982062,0.095512894,0.094635774,0.097751553,0.088944454
187,16.96969697,Rhopalosiphum maidis,0.106235764,0.110517743,0.098577428,0.096996245,0.099934211,0.091649499
188,17.32323232,Rhopalosiphum maidis,0.109059088,0.113143984,0.10172641,0.099461086,0.102194624,0.094451129
189,17.67676768,Rhopalosiphum maidis,0.111971141,0.115891271,0.105071202,0.102040088,0.10453836,0.097390714
190,18.03030303,Rhopalosiphum maidis,0.114980266,0.118678886,0.108371159,0.10474255,0.10712903,0.100327705
191,18.38383838,Rhopalosiphum maidis,0.118094492,0.121592039,0.111763548,0.107577241,0.109754262,0.103453831
192,18.73737374,Rhopalosiphum maidis,0.12132148,0.124647886,0.115393474,0.110552356,0.112492341,0.106781534
193,19.09090909,Rhopalosiphum maidis,0.12466846,0.127786056,0.119250565,0.113675488,0.115502522,0.110144146
194,19.44444444,Rhopalosiphum maidis,0.128142178,0.131083423,0.122931335,0.116953584,0.118604454,0.113813557
195,19.7979798,Rhopalosiphum maidis,0.131748837,0.134611801,0.126719486,0.120392913,0.121838459,0.117571988
196,20.15151515,Rhopalosiphum maidis,0.135494027,0.138261012,0.130572777,0.123999019,0.125345461,0.12129247
197,20.50505051,Rhopalosiphum maidis,0.139382662,0.142040672,0.13434961,0.127776676,0.12897111,0.125185338
198,20.85858586,Rhopalosiphum maidis,0.143418902,0.146000396,0.138435464,0.131729828,0.132901668,0.129293602
199,21.21212121,Rhopalosiphum maidis,0.147606066,0.149982876,0.14264996,0.135861526,0.136934679,0.133605653
200,21.56565657,Rhopalosiphum maidis,0.151946538,0.154219692,0.146892126,0.140173849,0.141170552,0.137915889
201,21.91919192,Rhopalosiphum maidis,0.15644166,0.158761242,0.151289408,0.144667807,0.145424577,0.142468418
202,22.27272727,Rhopalosiphum maidis,0.161091607,0.163377019,0.156078103,0.149343235,0.149867894,0.147074011
203,22.62626263,Rhopalosiphum maidis,0.165895245,0.168233815,0.161016106,0.154198659,0.154648799,0.151888661
204,22.97979798,Rhopalosiphum maidis,0.170849965,0.173243025,0.165978437,0.159231142,0.159579011,0.156942219
205,23.33333333,Rhopalosiphum maidis,0.175951485,0.17839814,0.171046006,0.164436093,0.164873187,0.161963233
206,23.68686869,Rhopalosiphum maidis,0.181193615,0.183900094,0.176208151,0.169807034,0.170380936,0.167183157
207,24.04040404,Rhopalosiphum maidis,0.186567961,0.189361386,0.181172587,0.175335317,0.176123908,0.172573279
208,24.39393939,Rhopalosiphum maidis,0.192063543,0.194998166,0.1861779,0.181009744,0.181928953,0.17794286
209,24.74747475,Rhopalosiphum maidis,0.197666281,0.200604951,0.191442733,0.186816071,0.187771457,0.183218878
210,25.1010101,Rhopalosiphum maidis,0.203358282,0.206561217,0.196734974,0.192736305,0.194122798,0.188447696
211,25.45454545,Rhopalosiphum maidis,0.209116797,0.212439825,0.202365841,0.198747696,0.200539223,0.194208413
212,25.80808081,Rhopalosiphum maidis,0.214912642,0.21852587,0.207923143,0.204821208,0.206899299,0.200223631
213,26.16161616,Rhopalosiphum maidis,0.220707766,0.224632529,0.213173599,0.210919174,0.213319519,0.20557485
214,26.51515152,Rhopalosiphum maidis,0.226451414,0.230878484,0.21797274,0.216991591,0.219634907,0.210315635
215,26.86868687,Rhopalosiphum maidis,0.232074006,0.237209959,0.222481259,0.22297023,0.226173159,0.215146968
216,27.22222222,Rhopalosiphum maidis,0.237477374,0.243026544,0.226527649,0.228759204,0.232432322,0.219262769
217,27.57575758,Rhopalosiphum maidis,0.242519256,0.24912389,0.230064721,0.234219983,0.238586088,0.22282835
218,27.92929293,Rhopalosiphum maidis,0.246989089,0.254942147,0.232210126,0.23914793,0.244355772,0.225312479
219,28.28282828,Rhopalosiphum maidis,0.25057148,0.26048543,0.233228952,0.243236773,0.250110362,0.22529021
220,28.63636364,Rhopalosiphum maidis,0.252794332,0.265198796,0.229977341,0.246027932,0.255318145,0.221717159
221,28.98989899,Rhopalosiphum maidis,0.25296321,0.268635389,0.224116711,0.246845949,0.259468364,0.213980426
222,29.34343434,Rhopalosiphum maidis,0.250096248,0.268850211,0.211176761,0.244733522,0.260406926,0.1999321
223,29.6969697,Rhopalosiphum maidis,0.242896964,0.260054294,0.188805696,0.238422086,0.252825935,0.172969409
224,30.05050505,Rhopalosiphum maidis,0.229822127,0.240370698,0.148332757,0.226393738,0.234866123,0.124252429
225,30.4040404,Rhopalosiphum maidis,0.209275297,0.229775514,0.035964462,0.207065797,0.226337989,0.00224354
226,30.75757576,Rhopalosiphum maidis,0.179845597,0.216847942,-0.1,0.179022425,0.213390416,-0.1
227,31.11111111,Rhopalosiphum maidis,0.140389984,0.201604311,-0.1,0.141098286,0.197446642,-0.1
228,31.46464646,Rhopalosiphum maidis,0.089797582,0.180786367,-0.1,0.092154457,0.17641421,-0.1
229,31.81818182,Rhopalosiphum maidis,0.026473331,0.150340504,-0.1,0.03057769,0.147927219,-0.1
230,32.17171717,Rhopalosiphum maidis,0,0.110806154,-0.1,0,0.10836725,-0.1
231,11.87878788,Muscidifurax zaraptor,0,-0.056316351,-0.006120251,0,-0.055475687,-0.00605968
232,12.2020202,Muscidifurax zaraptor,0.001021509,-0.050842819,-0.005095998,0.001066288,-0.0500056,-0.005025507
233,12.52525253,Muscidifurax zaraptor,0.002184981,-0.04442787,-0.004006063,0.00223371,-0.043429701,-0.003896694
234,12.84848485,Muscidifurax zaraptor,0.003418279,-0.036744468,-0.002819569,0.003471271,-0.035756402,-0.002747477
235,13.17171717,Muscidifurax zaraptor,0.004727852,-0.02775872,-0.00162506,0.00478544,-0.027041041,-0.001523444
236,13.49494949,Muscidifurax zaraptor,0.006120407,-0.017654124,-0.000301747,0.006182945,-0.016788805,-0.000212318
237,13.81818182,Muscidifurax zaraptor,0.007602879,-0.00591291,0.001134795,0.007670738,-0.005082544,0.001228585
238,14.14141414,Muscidifurax zaraptor,0.009182402,0.007276718,0.002628193,0.009255975,0.008068963,0.002745423
239,14.46464646,Muscidifurax zaraptor,0.010866265,0.021356991,0.00420313,0.010945962,0.02203666,0.004358021
240,14.78787879,Muscidifurax zaraptor,0.023229876,0.034484777,0.011913243,0.02351006,0.034986455,0.012335853
241,15.11111111,Muscidifurax zaraptor,0.033215127,0.043515519,0.021924551,0.033789828,0.044171057,0.022774496
242,15.43434343,Muscidifurax zaraptor,0.038429232,0.048235563,0.027170975,0.03900862,0.048738835,0.0280683
243,15.75757576,Muscidifurax zaraptor,0.042172014,0.051576988,0.031124643,0.042692257,0.05184197,0.031930599
244,16.08080808,Muscidifurax zaraptor,0.045765941,0.054844844,0.034856332,0.046243639,0.054993402,0.035615736
245,16.4040404,Muscidifurax zaraptor,0.049466791,0.058248982,0.038743323,0.049905442,0.058338811,0.039457822
246,16.72727273,Muscidifurax zaraptor,0.053320668,0.061771075,0.0428271,0.053717766,0.061849313,0.043520459
247,17.05050505,Muscidifurax zaraptor,0.05733533,0.065524396,0.047156269,0.057686914,0.065520972,0.047804064
248,17.37373737,Muscidifurax zaraptor,0.06151059,0.069354498,0.051679453,0.061812469,0.069326277,0.052252695
249,17.6969697,Muscidifurax zaraptor,0.065843758,0.073564389,0.056391997,0.06609184,0.073552624,0.05697439
250,18.02020202,Muscidifurax zaraptor,0.070330572,0.077923485,0.061370075,0.070520998,0.077892627,0.061889952
251,18.34343434,Muscidifurax zaraptor,0.074965329,0.082467642,0.066304673,0.075094565,0.082427695,0.066905188
252,18.66666667,Muscidifurax zaraptor,0.079740883,0.087131996,0.071189428,0.079805797,0.087137902,0.07170698
253,18.98989899,Muscidifurax zaraptor,0.084648635,0.091967693,0.076107096,0.084646577,0.091895443,0.076712375
254,19.31313131,Muscidifurax zaraptor,0.089678542,0.096822661,0.081095625,0.089607415,0.096893628,0.081730816
255,19.63636364,Muscidifurax zaraptor,0.094819154,0.101891887,0.086280971,0.09467748,0.102018765,0.086809608
256,19.95959596,Muscidifurax zaraptor,0.100057669,0.107061195,0.091598018,0.099844648,0.107151392,0.09192806
257,20.28282828,Muscidifurax zaraptor,0.105380017,0.112564418,0.096870944,0.105095575,0.112396071,0.097066522
258,20.60606061,Muscidifurax zaraptor,0.110770968,0.118112727,0.10220571,0.110415789,0.117703363,0.102497058
259,20.92929293,Muscidifurax zaraptor,0.116214261,0.123961297,0.107680718,0.115789812,0.123055245,0.107953737
260,21.25252525,Muscidifurax zaraptor,0.12169275,0.129524139,0.113248065,0.121201287,0.128550952,0.113461103
261,21.57575758,Muscidifurax zaraptor,0.127188573,0.135089938,0.118748234,0.126633128,0.133955884,0.118920046
262,21.8989899,Muscidifurax zaraptor,0.132683325,0.140677861,0.124045951,0.132067683,0.139565876,0.124017329
263,22.22222222,Muscidifurax zaraptor,0.138158236,0.146072416,0.129285093,0.137486896,0.144788106,0.129330779
264,22.54545455,Muscidifurax zaraptor,0.143594361,0.15150254,0.134653354,0.142872475,0.150232619,0.134611658
265,22.86868687,Muscidifurax zaraptor,0.148972752,0.15680699,0.140104349,0.148206062,0.155494446,0.139942523
266,23.19191919,Muscidifurax zaraptor,0.154274628,0.16205665,0.145500209,0.153469384,0.160527844,0.145300455
267,23.51515152,Muscidifurax zaraptor,0.159481528,0.166955271,0.150824451,0.158644398,0.165759456,0.150548293
268,23.83838384,Muscidifurax zaraptor,0.164575437,0.172094817,0.15581684,0.163713418,0.170686157,0.155533794
269,24.16161616,Muscidifurax zaraptor,0.169538898,0.176913181,0.160801392,0.168659213,0.175559169,0.160517827
270,24.48484848,Muscidifurax zaraptor,0.174355083,0.181552063,0.165632161,0.173465086,0.180025773,0.165385611
271,24.80808081,Muscidifurax zaraptor,0.179007839,0.185990625,0.170210271,0.178114917,0.184525383,0.170008344
272,25.13131313,Muscidifurax zaraptor,0.183481696,0.190338504,0.174671617,0.18259318,0.188692643,0.174575684
273,25.45454545,Muscidifurax zaraptor,0.187761841,0.194736654,0.178941291,0.186884917,0.193016441,0.178930863
274,25.77777778,Muscidifurax zaraptor,0.191834049,0.198859467,0.183082557,0.190975683,0.197407915,0.183020597
275,26.1010101,Muscidifurax zaraptor,0.195684582,0.202848186,0.186884379,0.194851455,0.201555831,0.186772633
276,26.42424242,Muscidifurax zaraptor,0.199300049,0.206535737,0.190252455,0.198498497,0.205438623,0.190270991
277,26.74747475,Muscidifurax zaraptor,0.202667227,0.210223922,0.193630923,0.201903198,0.209006449,0.193371678
278,27.07070707,Muscidifurax zaraptor,0.205772848,0.213472808,0.196711857,0.20505187,0.212315637,0.196304444
279,27.39393939,Muscidifurax zaraptor,0.208603355,0.216397958,0.199271175,0.20793051,0.215312035,0.198946284
280,27.71717172,Muscidifurax zaraptor,0.211144621,0.219009935,0.201575019,0.210524538,0.21790913,0.201227883
281,28.04040404,Muscidifurax zaraptor,0.213381642,0.221252383,0.20355195,0.212818491,0.220109468,0.203255761
282,28.36363636,Muscidifurax zaraptor,0.215298199,0.223153098,0.205333637,0.214795705,0.222208887,0.204995903
283,28.68686869,Muscidifurax zaraptor,0.216876499,0.224702843,0.206713049,0.216437951,0.223813975,0.206596533
284,29.01010101,Muscidifurax zaraptor,0.218096785,0.225695797,0.207706102,0.217725062,0.224879322,0.207717276
285,29.33333333,Muscidifurax zaraptor,0.218936922,0.22635015,0.208279377,0.218634519,0.225602646,0.208358952
286,29.65656566,Muscidifurax zaraptor,0.219371954,0.226534005,0.208528338,0.219141015,0.225832835,0.208777134
287,29.97979798,Muscidifurax zaraptor,0.219373624,0.22641043,0.208235651,0.219215979,0.225727187,0.208652775
288,30.3030303,Muscidifurax zaraptor,0.21890985,0.226887769,0.207214844,0.218827049,0.226160298,0.207694268
289,30.62626263,Muscidifurax zaraptor,0.217944123,0.227401128,0.205729985,0.217937478,0.226925648,0.206319183
290,30.94949495,Muscidifurax zaraptor,0.216434812,0.227880868,0.203218455,0.216505437,0.22740676,0.204052953
291,31.27272727,Muscidifurax zaraptor,0.214334317,0.228087863,0.199890769,0.214483172,0.227675072,0.200617521
292,31.5959596,Muscidifurax zaraptor,0.211588015,0.228065606,0.195375744,0.211815951,0.227635575,0.195891582
293,31.91919192,Muscidifurax zaraptor,0.208132914,0.227533997,0.189380234,0.208440719,0.227153361,0.189784833
294,32.24242424,Muscidifurax zaraptor,0.203895913,0.226137918,0.181535232,0.204284366,0.225905916,0.18196176
295,32.56565657,Muscidifurax zaraptor,0.198791539,0.222256527,0.171047581,0.199261466,0.222186405,0.171378895
296,32.88888889,Muscidifurax zaraptor,0.19271901,0.210520186,0.15748266,0.193271352,0.210928604,0.157885292
297,33.21212121,Muscidifurax zaraptor,0.185558458,0.203608113,0.12667568,0.186194345,0.203363436,0.129348128
298,33.53535354,Muscidifurax zaraptor,0.177166112,0.200434112,0.052505807,0.177886951,0.200221865,0.053060009
299,33.85858586,Muscidifurax zaraptor,0.167368215,0.196765525,-0.042063201,0.168175793,0.196839087,-0.04487844
300,34.18181818,Muscidifurax zaraptor,0.155953441,0.192799937,-0.1,0.156850044,0.193080994,-0.1
301,34.50505051,Muscidifurax zaraptor,0.142663513,0.188412954,-0.1,0.143652066,0.188691937,-0.1
302,34.82828283,Muscidifurax zaraptor,0.127181704,0.183489767,-0.1,0.128265927,0.183614445,-0.1
303,35.15151515,Muscidifurax zaraptor,0.109118809,0.178155111,-0.1,0.1103034,0.177666398,-0.1
304,35.47474747,Muscidifurax zaraptor,0.08799613,0.171862097,-0.1,0.089286974,0.171249865,-0.1
305,35.7979798,Muscidifurax zaraptor,0.063224882,0.165114858,-0.1,0.064629282,0.163781981,-0.1
306,36.12121212,Muscidifurax zaraptor,0.034081293,0.156976506,-0.1,0.03560824,0.155390169,-0.1
307,36.44444444,Muscidifurax zaraptor,-0.000323462,0.147777288,-0.1,0.001337006,0.145814615,-0.1
308,36.76767677,Muscidifurax zaraptor,0,0.137603296,-0.1,0,0.135583899,-0.1
309,9.545454545,Aphis nasturtii,0,0.048371971,-0.049570052,0,0.050553575,-0.04416648
310,9.898989899,Aphis nasturtii,0.031505305,0.05859955,-0.015731345,0.03332228,0.060177283,-0.010918646
311,10.25252525,Aphis nasturtii,0.04135516,0.066491747,0.002402909,0.042805892,0.067330822,0.006836317
312,10.60606061,Aphis nasturtii,0.048444645,0.071971106,0.014117971,0.049501093,0.071935428,0.018119858
313,10.95959596,Aphis nasturtii,0.053734654,0.075514106,0.022414311,0.054358806,0.074843709,0.026168087
314,11.31313131,Aphis nasturtii,0.05783226,0.077959968,0.02952946,0.057980636,0.076574072,0.032344988
315,11.66666667,Aphis nasturtii,0.061124854,0.0798828,0.034629481,0.060752846,0.077705359,0.037159579
316,12.02020202,Aphis nasturtii,0.063863875,0.081312266,0.038795986,0.062929639,0.078433611,0.041194154
317,12.37373737,Aphis nasturtii,0.066216718,0.082402482,0.042511177,0.064684408,0.078925561,0.04419849
318,12.72727273,Aphis nasturtii,0.068298673,0.083479515,0.045849843,0.066140832,0.079430406,0.047017805
319,13.08080808,Aphis nasturtii,0.070192362,0.084600771,0.048936595,0.067391429,0.079817257,0.049520756
320,13.43434343,Aphis nasturtii,0.071959466,0.085547996,0.052096741,0.068508404,0.080097001,0.051956916
321,13.78787879,Aphis nasturtii,0.073647737,0.086493521,0.054933001,0.069549887,0.080525409,0.054246879
322,14.14141414,Aphis nasturtii,0.075295173,0.087440007,0.057684848,0.070563496,0.080901364,0.056218258
323,14.49494949,Aphis nasturtii,0.076932537,0.088590829,0.060293185,0.071588411,0.081471922,0.058089989
324,14.84848485,Aphis nasturtii,0.078584922,0.089801493,0.062948638,0.072656679,0.082273096,0.059926908
325,15.2020202,Aphis nasturtii,0.080272776,0.091108607,0.065539455,0.073794141,0.082950008,0.061732187
326,15.55555556,Aphis nasturtii,0.082012643,0.092566867,0.068157683,0.075021189,0.083753934,0.063570457
327,15.90909091,Aphis nasturtii,0.083817724,0.093996082,0.070674683,0.076353457,0.084696156,0.06546165
328,16.26262626,Aphis nasturtii,0.085698358,0.095487887,0.073308113,0.077802474,0.085791243,0.067321171
329,16.61616162,Aphis nasturtii,0.087662425,0.097348275,0.075710741,0.079376283,0.087130061,0.069220636
330,16.96969697,Aphis nasturtii,0.089715704,0.099312267,0.078411348,0.081080008,0.088622566,0.071482754
331,17.32323232,Aphis nasturtii,0.091862182,0.10124847,0.081016437,0.082916375,0.090238039,0.073853653
332,17.67676768,Aphis nasturtii,0.094104309,0.103574146,0.083611203,0.084886155,0.092158656,0.076232402
333,18.03030303,Aphis nasturtii,0.096443223,0.105965694,0.086155577,0.08698854,0.094243892,0.078678153
334,18.38383838,Aphis nasturtii,0.098878907,0.108469955,0.08881566,0.08922145,0.096395424,0.081153966
335,18.73737374,Aphis nasturtii,0.101410321,0.11117545,0.091446129,0.091581756,0.098924555,0.083578124
336,19.09090909,Aphis nasturtii,0.104035482,0.11413192,0.094088183,0.094065449,0.101703673,0.086034381
337,19.44444444,Aphis nasturtii,0.106751499,0.116984109,0.096903862,0.096667741,0.104576495,0.088519422
338,19.7979798,Aphis nasturtii,0.109554581,0.12017991,0.099524679,0.099383109,0.107535786,0.091225762
339,20.15151515,Aphis nasturtii,0.112439998,0.123599914,0.102081206,0.102205291,0.110680107,0.093786698
340,20.50505051,Aphis nasturtii,0.115402011,0.127207671,0.104728349,0.105127236,0.114239508,0.096522404
341,20.85858586,Aphis nasturtii,0.118433771,0.130677743,0.107345307,0.108141009,0.117662773,0.099166265
342,21.21212121,Aphis nasturtii,0.121527179,0.134219343,0.109950041,0.111237664,0.121066978,0.101897566
343,21.56565657,Aphis nasturtii,0.124672724,0.137559612,0.112539704,0.114407074,0.124463819,0.10446197
344,21.91919192,Aphis nasturtii,0.127859281,0.141021268,0.11529233,0.117637732,0.128051323,0.107082791
345,22.27272727,Aphis nasturtii,0.131073887,0.144548591,0.117680934,0.120916523,0.131545756,0.109671331
346,22.62626263,Aphis nasturtii,0.134301489,0.148006381,0.119807505,0.124228461,0.135084356,0.111888662
347,22.97979798,Aphis nasturtii,0.137524668,0.151071174,0.122110944,0.127556405,0.138634885,0.114555884
348,23.33333333,Aphis nasturtii,0.140723346,0.154437815,0.124298319,0.130880756,0.142062556,0.116779967
349,23.68686869,Aphis nasturtii,0.143874475,0.157682494,0.126378199,0.134179137,0.145758839,0.119088283
350,24.04040404,Aphis nasturtii,0.146951735,0.161129494,0.128428183,0.137426067,0.149445905,0.121075676
351,24.39393939,Aphis nasturtii,0.149925228,0.16461968,0.129980937,0.140592639,0.152967822,0.123121304
352,24.74747475,Aphis nasturtii,0.152761197,0.167958985,0.131445258,0.143646215,0.156381664,0.12483459
353,25.1010101,Aphis nasturtii,0.155421792,0.171371183,0.132664388,0.146550159,0.160025877,0.126213434
354,25.45454545,Aphis nasturtii,0.157864883,0.174620667,0.133801973,0.14926361,0.163645691,0.127291461
355,25.80808081,Aphis nasturtii,0.160043953,0.177030997,0.13457879,0.15174134,0.167028735,0.127864567
356,26.16161616,Aphis nasturtii,0.161908083,0.180081467,0.134488385,0.153933684,0.170224993,0.128323437
357,26.51515152,Aphis nasturtii,0.163402054,0.183069928,0.133961657,0.15578658,0.173131842,0.127845198
358,26.86868687,Aphis nasturtii,0.164466551,0.185515636,0.132542999,0.157241726,0.176038695,0.127027639
359,27.22222222,Aphis nasturtii,0.165038506,0.187991259,0.130189678,0.158236844,0.178814388,0.124873414
360,27.57575758,Aphis nasturtii,0.16505153,0.19019341,0.126872073,0.158706058,0.181428,0.121541219
361,27.92929293,Aphis nasturtii,0.164436456,0.192203187,0.122386894,0.158580371,0.183662023,0.116947697
362,28.28282828,Aphis nasturtii,0.163121929,0.193740911,0.11655516,0.157788199,0.18559384,0.110976256
363,28.63636364,Aphis nasturtii,0.161035025,0.194748983,0.108854126,0.156255945,0.187138252,0.103573642
364,28.98989899,Aphis nasturtii,0.158101861,0.195544535,0.099452359,0.153908569,0.187890435,0.09485996
365,29.34343434,Aphis nasturtii,0.154248135,0.19542392,0.088848755,0.150670113,0.188351623,0.084044754
366,29.6969697,Aphis nasturtii,0.149399594,0.194841643,0.077011136,0.146464152,0.187623339,0.071856388
367,30.05050505,Aphis nasturtii,0.143482381,0.192252601,0.062006305,0.14121415,0.186337035,0.056112088
368,30.4040404,Aphis nasturtii,0.136423261,0.190829746,0.043855701,0.134843707,0.185498686,0.036918976
369,30.75757576,Aphis nasturtii,0.128149741,0.188715102,0.024568091,0.127276704,0.183633014,0.015463497
370,31.11111111,Aphis nasturtii,0.118590082,0.186064178,0.000549052,0.118437352,0.181467075,-0.008833693
371,31.46464646,Aphis nasturtii,0.107673238,0.18244443,-0.027315137,0.108250183,0.17823632,-0.036497299
372,31.81818182,Aphis nasturtii,0.095328748,0.178295089,-0.05616652,0.096639986,0.174726549,-0.067495224
373,32.17171717,Aphis nasturtii,0.081486613,0.172803701,-0.090010001,0.083531744,0.170352025,-0.1
374,32.52525253,Aphis nasturtii,0.066077173,0.165989274,-0.1,0.068850573,0.16469604,-0.1
375,32.87878788,Aphis nasturtii,0.049031015,0.158771612,-0.1,0.052521691,0.158204623,-0.1
376,33.23232323,Aphis nasturtii,0.030278901,0.151756166,-0.1,0.03447042,0.150835546,-0.1
377,33.58585859,Aphis nasturtii,0.009751735,0.142045254,-0.1,0.014622232,0.142416017,-0.1
378,33.93939394,Aphis nasturtii,0,0.130942637,-0.1,0,0.133710893,-0.1
379,16.01010101,Paracoccus marginatu,0,0.03171981,-0.1,0,0.029770986,-0.1
380,16.21212121,Paracoccus marginatu,0.002202068,0.033109566,-0.1,0.002872171,0.030890406,-0.1
381,16.41414141,Paracoccus marginatu,0.01165653,0.034633785,-0.1,0.012452213,0.032173974,-0.1
382,16.61616162,Paracoccus marginatu,0.017643962,0.036033552,-0.1,0.018527431,0.033630534,-0.1
383,16.81818182,Paracoccus marginatu,0.021736554,0.037411282,-0.1,0.022635368,0.03482217,-0.1
384,17.02020202,Paracoccus marginatu,0.024740956,0.038654648,-0.1,0.02555927,0.03598396,-0.1
385,17.22222222,Paracoccus marginatu,0.027101033,0.039919953,-0.1,0.027742954,0.037200323,-0.1
386,17.42424242,Paracoccus marginatu,0.029082947,0.041287788,-0.0589984,0.029475804,0.038493016,-0.056036089
387,17.62626263,Paracoccus marginatu,0.030855742,0.042601048,-0.016157171,0.030961487,0.03981915,-0.015211008
388,17.82828283,Paracoccus marginatu,0.032527897,0.04390502,0.005898931,0.032340439,0.04118797,0.00663626
389,18.03030303,Paracoccus marginatu,0.034167535,0.045342192,0.014483064,0.033702127,0.042364422,0.015027003
390,18.23232323,Paracoccus marginatu,0.035816092,0.046396013,0.016319163,0.03509797,0.042643718,0.016789077
391,18.43434343,Paracoccus marginatu,0.037498083,0.048077106,0.018080717,0.036554234,0.043681387,0.018519657
392,18.63636364,Paracoccus marginatu,0.039227757,0.049815465,0.019810956,0.038082409,0.045100626,0.020326116
393,18.83838384,Paracoccus marginatu,0.041013367,0.051598776,0.021623222,0.039686245,0.046805874,0.021952119
394,19.04040404,Paracoccus marginatu,0.042859746,0.053339869,0.023571714,0.041365922,0.04847731,0.023563111
395,19.24242424,Paracoccus marginatu,0.044769798,0.055127521,0.02551145,0.043120274,0.050238505,0.025269932
396,19.44444444,Paracoccus marginatu,0.046745333,0.056993622,0.027504639,0.044947846,0.052028717,0.026877715
397,19.64646465,Paracoccus marginatu,0.048787508,0.058940616,0.029364749,0.046847315,0.053795047,0.028648687
398,19.84848485,Paracoccus marginatu,0.050897059,0.060981312,0.03115357,0.048817607,0.055621464,0.030486033
399,20.05050505,Paracoccus marginatu,0.053074393,0.063006145,0.032965175,0.050857863,0.057595595,0.032305981
400,20.25252525,Paracoccus marginatu,0.055319627,0.065262448,0.034848492,0.052967348,0.059811204,0.034177725
401,20.45454545,Paracoccus marginatu,0.057632571,0.067633831,0.036790415,0.055145341,0.062137975,0.036151185
402,20.65656566,Paracoccus marginatu,0.060012699,0.070169715,0.03905025,0.057391024,0.064502976,0.038330999
403,20.85858586,Paracoccus marginatu,0.062459093,0.072776251,0.041461991,0.05970338,0.066926036,0.040669252
404,21.06060606,Paracoccus marginatu,0.064970392,0.0754742,0.043758944,0.062081091,0.069480294,0.04310738
405,21.26262626,Paracoccus marginatu,0.067544726,0.078030838,0.045983011,0.06452245,0.072182927,0.045842823
406,21.46464646,Paracoccus marginatu,0.070179657,0.080721847,0.048335186,0.067025275,0.07488246,0.048586742
407,21.66666667,Paracoccus marginatu,0.072872114,0.083516832,0.051106525,0.069586837,0.077538496,0.051506406
408,21.86868687,Paracoccus marginatu,0.075618341,0.086325512,0.053927555,0.072203792,0.080372356,0.054174517
409,22.07070707,Paracoccus marginatu,0.078413846,0.08925218,0.056924088,0.074872123,0.083152482,0.057037654
410,22.27272727,Paracoccus marginatu,0.081253375,0.092028243,0.059864491,0.077587107,0.085981946,0.059300433
411,22.47474747,Paracoccus marginatu,0.084130895,0.094699174,0.062624576,0.080343288,0.088703733,0.061739448
412,22.67676768,Paracoccus marginatu,0.087039603,0.097458916,0.065299896,0.083134481,0.091476846,0.064886018
413,22.87878788,Paracoccus marginatu,0.089971964,0.100316598,0.067701764,0.085953799,0.094241704,0.067478825
414,23.08080808,Paracoccus marginatu,0.092919779,0.103062176,0.070469866,0.088793706,0.097204182,0.070455144
415,23.28282828,Paracoccus marginatu,0.095874282,0.105894465,0.073195245,0.091646111,0.099709727,0.073070182
416,23.48484848,Paracoccus marginatu,0.098826273,0.108649257,0.076077658,0.094502477,0.102067365,0.076001048
417,23.68686869,Paracoccus marginatu,0.101766275,0.111311579,0.078774149,0.097353967,0.104462032,0.078631015
418,23.88888889,Paracoccus marginatu,0.104684713,0.113984884,0.081567164,0.100191609,0.106856277,0.081432785
419,24.09090909,Paracoccus marginatu,0.107572105,0.116563619,0.084141058,0.103006471,0.109133125,0.084293413
420,24.29292929,Paracoccus marginatu,0.110419253,0.119139316,0.086960475,0.105789839,0.111315747,0.087275007
421,24.49494949,Paracoccus marginatu,0.11321742,0.121497842,0.090044332,0.108533384,0.113629507,0.090227913
422,24.6969697,Paracoccus marginatu,0.115958482,0.123773862,0.092517879,0.111229305,0.116064037,0.092369861
423,24.8989899,Paracoccus marginatu,0.11863505,0.126423684,0.094502038,0.113870448,0.118639382,0.094654178
424,25.1010101,Paracoccus marginatu,0.121240532,0.129700717,0.095397595,0.116450371,0.121464876,0.096185431
425,25.3030303,Paracoccus marginatu,0.123769159,0.133844744,0.096756531,0.118963371,0.125447925,0.09731001
426,25.50505051,Paracoccus marginatu,0.126215942,0.138230607,0.097296519,0.121404454,0.12997147,0.098171726
427,25.70707071,Paracoccus marginatu,0.128576576,0.14249445,0.097822015,0.123769248,0.134410775,0.098827684
428,25.90909091,Paracoccus marginatu,0.130847272,0.147282637,0.0979581,0.126053857,0.13868425,0.099021937
429,26.11111111,Paracoccus marginatu,0.133024517,0.151663178,0.097928043,0.128254644,0.143539189,0.099116252
430,26.31313131,Paracoccus marginatu,0.135104739,0.155721771,0.097645491,0.130367922,0.148244679,0.098935098
431,26.51515152,Paracoccus marginatu,0.137083846,0.160286536,0.097103654,0.132389533,0.153308563,0.098573326
432,26.71717172,Paracoccus marginatu,0.138956579,0.164464181,0.096153417,0.13431425,0.158114472,0.098270134
433,26.91919192,Paracoccus marginatu,0.140715591,0.168849964,0.095229727,0.136134925,0.163399523,0.097617195
434,27.12121212,Paracoccus marginatu,0.142350109,0.172666761,0.094387699,0.137841245,0.168946784,0.096781188
435,27.32323232,Paracoccus marginatu,0.143843969,0.176391982,0.093067969,0.139417904,0.174320371,0.095862941
436,27.52525253,Paracoccus marginatu,0.145172695,0.180205652,0.091615588,0.140841874,0.180229137,0.094674977
437,27.72727273,Paracoccus marginatu,0.146299175,0.183489471,0.089710042,0.142078355,0.185698294,0.093085914
438,27.92929293,Paracoccus marginatu,0.147167295,0.185872518,0.086781457,0.143074787,0.191278784,0.091179877
439,28.13131313,Paracoccus marginatu,0.147692729,0.187946399,0.083669174,0.143752147,0.196641066,0.08886296
440,28.33333333,Paracoccus marginatu,0.147750009,0.189597533,0.080758851,0.14399263,0.200766227,0.085956547
441,28.53535354,Paracoccus marginatu,0.147155264,0.190132276,0.07739193,0.143623032,0.20360043,0.082619401
442,28.73737374,Paracoccus marginatu,0.145645282,0.189643282,0.073069091,0.142394194,0.205039877,0.078566996
443,28.93939394,Paracoccus marginatu,0.142856725,0.188874048,0.067167863,0.139959686,0.203631706,0.073177419
444,29.14141414,Paracoccus marginatu,0.138316067,0.186020595,0.06112753,0.135863117,0.198123779,0.06590801
445,29.34343434,Paracoccus marginatu,0.131461842,0.180358641,0.053031495,0.129553961,0.18639384,0.057856471
446,29.54545455,Paracoccus marginatu,0.121732306,0.168239538,0.043023158,0.120463882,0.167067656,0.047620071
447,29.74747475,Paracoccus marginatu,0.108748152,0.14638089,0.029354734,0.10817561,0.143880592,0.035529528
448,29.94949495,Paracoccus marginatu,0.092573354,0.116172999,0.014364211,0.092676994,0.113925407,0.023015966
449,30.15151515,Paracoccus marginatu,0.073937295,0.102021882,-0.020781041,0.074597929,0.10051944,-0.013160325
450,30.35353535,Paracoccus marginatu,0.054222544,0.093662591,-0.056347796,0.05523814,0.09283885,-0.048142998
451,30.55555556,Paracoccus marginatu,0.035112509,0.085554664,-0.078176445,0.036256442,0.086512764,-0.069230158
452,30.75757576,Paracoccus marginatu,0.01805859,0.078018786,-0.090214757,0.019146008,0.079633053,-0.079989118
453,30.95959596,Paracoccus marginatu,0.003894597,0.070024683,-0.097380598,0.004817925,0.072038825,-0.086220929
454,31.16161616,Paracoccus marginatu,0,0.061711107,-0.1,0,0.06452882,-0.090816212