"","temp","species","estimate","rmax_upr","rmax_lwr"
"1",16.3131313131313,"Tetraneura nigriabdominalis",0,0.0471765443934238,-0.0525300785677861
"2",16.5656565656566,"Tetraneura nigriabdominalis",-0.00399593513756153,0.0505754587058368,-0.035196075383981
"3",16.8181818181818,"Tetraneura nigriabdominalis",0.00688543142081297,0.0538254401531012,-0.0201895849202488
"4",17.0707070707071,"Tetraneura nigriabdominalis",0.0165065750192934,0.0569371424592015,-0.00717166315621402
"5",17.3232323232323,"Tetraneura nigriabdominalis",0.02505424890997,0.0599458267669409,0.00427182659882348
"6",17.5757575757576,"Tetraneura nigriabdominalis",0.0326882138595761,0.0628513045401814,0.0144345443218086
"7",17.8282828282828,"Tetraneura nigriabdominalis",0.0395451698402594,0.0656588243127025,0.0234246478520144
"8",18.0808080808081,"Tetraneura nigriabdominalis",0.0457421095427802,0.0684044170511508,0.0313346847026404
"9",18.3333333333333,"Tetraneura nigriabdominalis",0.0513791792550466,0.0710772180081773,0.0382953845193071
"10",18.5858585858586,"Tetraneura nigriabdominalis",0.0565421198922686,0.0737222760955004,0.0445725027153032
"11",18.8383838383838,"Tetraneura nigriabdominalis",0.0613043501240896,0.0763534423591577,0.0502730141363248
"12",19.0909090909091,"Tetraneura nigriabdominalis",0.0657287443289647,0.0789260879195482,0.0555591314069794
"13",19.3434343434343,"Tetraneura nigriabdominalis",0.0698691502711729,0.0814683728684499,0.0604858956591406
"14",19.5959595959596,"Tetraneura nigriabdominalis",0.0737716847331204,0.0840038094344578,0.0650661106650325
"15",19.8484848484849,"Tetraneura nigriabdominalis",0.077475839668126,0.0865553562454852,0.0693629359335703
"16",20.1010101010101,"Tetraneura nigriabdominalis",0.0810154266171235,0.0890994885483952,0.0733966763892056
"17",20.3535353535354,"Tetraneura nigriabdominalis",0.0844193830293329,0.0917194540487118,0.0772693051817762
"18",20.6060606060606,"Tetraneura nigriabdominalis",0.0877124606340478,0.0943048956434299,0.080895220124323
"19",20.8585858585859,"Tetraneura nigriabdominalis",0.0909158130366031,0.097008058328765,0.0844679967015771
"20",21.1111111111111,"Tetraneura nigriabdominalis",0.0940474971782861,0.0996944606088662,0.0879075899572658
"21",21.3636363636364,"Tetraneura nigriabdominalis",0.0971229011410965,0.102350053707784,0.0911935705866087
"22",21.6161616161616,"Tetraneura nigriabdominalis",0.100155108937171,0.105042679109331,0.0944484404544842
"23",21.8686868686869,"Tetraneura nigriabdominalis",0.103155211350884,0.107837163321809,0.097728353578401
"24",22.1212121212121,"Tetraneura nigriabdominalis",0.106132570557112,0.110613396769166,0.100819396993703
"25",22.3737373737374,"Tetraneura nigriabdominalis",0.109095045085574,0.113385839127856,0.103904541335233
"26",22.6262626262626,"Tetraneura nigriabdominalis",0.112049180705743,0.11617855842597,0.107019742671685
"27",22.8787878787879,"Tetraneura nigriabdominalis",0.115000371939884,0.119070540988752,0.110150558331297
"28",23.1313131313131,"Tetraneura nigriabdominalis",0.117952998144369,0.121965486076267,0.113296990996031
"29",23.3838383838384,"Tetraneura nigriabdominalis",0.120910537401879,0.124883407270329,0.116414533071504
"30",23.6363636363636,"Tetraneura nigriabdominalis",0.123875660806332,0.127643018113503,0.119452870208567
"31",23.8888888888889,"Tetraneura nigriabdominalis",0.126850309058406,0.130529009227735,0.122300648746955
"32",24.1414141414141,"Tetraneura nigriabdominalis",0.129835752570068,0.133420600312721,0.125250996164571
"33",24.3939393939394,"Tetraneura nigriabdominalis",0.132832635430431,0.136392439313872,0.12821770468903
"34",24.6464646464646,"Tetraneura nigriabdominalis",0.135841002510441,0.13947135675297,0.131278665139281
"35",24.8989898989899,"Tetraneura nigriabdominalis",0.13886030753248,0.142733047104207,0.134305767880074
"36",25.1515151515152,"Tetraneura nigriabdominalis",0.141889397884801,0.145938831962372,0.137183468742002
"37",25.4040404040404,"Tetraneura nigriabdominalis",0.144926468997004,0.14915825103687,0.140289827733085
"38",25.6565656565657,"Tetraneura nigriabdominalis",0.147968976734732,0.152435629360438,0.143183540842003
"39",25.9090909090909,"Tetraneura nigriabdominalis",0.151013489817553,0.15570524473268,0.146039816266061
"40",26.1616161616162,"Tetraneura nigriabdominalis",0.15405545469238,0.159105240688387,0.148831576300741
"41",26.4141414141414,"Tetraneura nigriabdominalis",0.157088831145064,0.162580585471612,0.151605912983678
"42",26.6666666666667,"Tetraneura nigriabdominalis",0.1601055361761,0.165958323429004,0.154320347394088
"43",26.9191919191919,"Tetraneura nigriabdominalis",0.163094603625447,0.169321761091721,0.156981103608403
"44",27.1717171717172,"Tetraneura nigriabdominalis",0.166040924503867,0.172592209255028,0.159688140246947
"45",27.4242424242424,"Tetraneura nigriabdominalis",0.168923374951272,0.175976095969226,0.162337828811339
"46",27.6767676767677,"Tetraneura nigriabdominalis",0.171712064481939,0.17936873961403,0.164926284601173
"47",27.9292929292929,"Tetraneura nigriabdominalis",0.174364353562346,0.182748045212367,0.167421306335262
"48",28.1818181818182,"Tetraneura nigriabdominalis",0.176819222641099,0.186013471758366,0.169800371428864
"49",28.4343434343434,"Tetraneura nigriabdominalis",0.178989592285673,0.189170565000285,0.171901881402744
"50",28.6868686868687,"Tetraneura nigriabdominalis",0.180752442448243,0.192069098981033,0.173655832761798
"51",28.9393939393939,"Tetraneura nigriabdominalis",0.181937323582071,0.19461744945405,0.174844598684166
"52",29.1919191919192,"Tetraneura nigriabdominalis",0.182315462704222,0.196311444830246,0.175416474527684
"53",29.4444444444444,"Tetraneura nigriabdominalis",0.181594379494988,0.195699878973512,0.175043872600396
"54",29.6969696969697,"Tetraneura nigriabdominalis",0.179426124682572,0.190545456967733,0.174384578407172
"55",29.949494949495,"Tetraneura nigriabdominalis",0.175438328635128,0.179965722242728,0.171921359115375
"56",30.2020202020202,"Tetraneura nigriabdominalis",0.169291547476918,0.175696740771834,0.14782892387537
"57",30.4545454545455,"Tetraneura nigriabdominalis",0.16075138495323,0.173410079167044,0.106901408605443
"58",30.7070707070707,"Tetraneura nigriabdominalis",0.149747035651771,0.170220834281853,0.0568951530230508
"59",30.959595959596,"Tetraneura nigriabdominalis",0.136386436502605,0.166390408647861,0.000794178895172418
"60",31.2121212121212,"Tetraneura nigriabdominalis",0.120920185245261,0.16195797354572,-0.0578250146546588
"61",31.4646464646465,"Tetraneura nigriabdominalis",0.103674843483761,0.156890214142213,-0.1
"62",31.7171717171717,"Tetraneura nigriabdominalis",0.0849867151231766,0.151380242170337,-0.1
"63",31.969696969697,"Tetraneura nigriabdominalis",0.0651562421753122,0.144784994955299,-0.1
"64",32.2222222222222,"Tetraneura nigriabdominalis",0.0444262888620285,0.137481369472192,-0.1
"65",32.4747474747475,"Tetraneura nigriabdominalis",0.0229775634486323,0.129480928432931,-0.1
"66",32.7272727272727,"Tetraneura nigriabdominalis",0.000932627834529377,0.120924797971953,-0.1
"67",32.979797979798,"Tetraneura nigriabdominalis",0,0.112026058067596,-0.1
"68",13.4141414141414,"Anthonomus grandis",0,0.0405215047402439,-0.1
"69",13.6969696969697,"Anthonomus grandis",0.0177726109702084,0.0441028475609242,-0.1
"70",13.979797979798,"Anthonomus grandis",0.0309542541615199,0.0469919943703985,-0.1
"71",14.2626262626263,"Anthonomus grandis",0.0374647166621992,0.0493677973004757,-0.0801392450609783
"72",14.5454545454545,"Anthonomus grandis",0.0408004775241379,0.0514001213867421,0.000529541283040494
"73",14.8282828282828,"Anthonomus grandis",0.0427952318026299,0.0546063187324314,0.0222504697360657
"74",15.1111111111111,"Anthonomus grandis",0.0442878152101517,0.0547361282510868,0.0268122105606125
"75",15.3939393939394,"Anthonomus grandis",0.0456224837876726,0.0532511488616883,0.028701774223517
"76",15.6767676767677,"Anthonomus grandis",0.0469295697976651,0.0536755958079487,0.0304276270728751
"77",15.959595959596,"Anthonomus grandis",0.0482551697724966,0.0547028717320447,0.0320772157517425
"78",16.2424242424242,"Anthonomus grandis",0.0496143064240612,0.0558913683911241,0.0335917231020883
"79",16.5252525252525,"Anthonomus grandis",0.0510112092045011,0.0573598672403863,0.0352213676492387
"80",16.8080808080808,"Anthonomus grandis",0.0524466952149901,0.0585789271709764,0.0368860565943243
"81",17.0909090909091,"Anthonomus grandis",0.0539207367578333,0.0598417131700971,0.0386043511697116
"82",17.3737373737374,"Anthonomus grandis",0.0554332884920573,0.0610640849569096,0.0403652102520816
"83",17.6565656565657,"Anthonomus grandis",0.0569845056822232,0.0625335727619015,0.0422165321143512
"84",17.9393939393939,"Anthonomus grandis",0.0585747624245362,0.0639214264366819,0.0441014229752133
"85",18.2222222222222,"Anthonomus grandis",0.0602046142703516,0.06538435348064,0.0461037194554996
"86",18.5050505050505,"Anthonomus grandis",0.0618747536849042,0.0669257507327505,0.0480084317106148
"87",18.7878787878788,"Anthonomus grandis",0.0635859724216905,0.068505222486662,0.050006951754113
"88",19.0707070707071,"Anthonomus grandis",0.0653391330711536,0.070135137448536,0.0520710774417958
"89",19.3535353535354,"Anthonomus grandis",0.067135148405384,0.071791571247474,0.054309826608018
"90",19.6363636363636,"Anthonomus grandis",0.0689749663833805,0.0735731652252103,0.0565236482574791
"91",19.9191919191919,"Anthonomus grandis",0.0708595588421487,0.0752199512589216,0.0585433293353116
"92",20.2020202020202,"Anthonomus grandis",0.0727899122661773,0.0770667714978708,0.0606157712820223
"93",20.4848484848485,"Anthonomus grandis",0.0747670193606145,0.0789578501720651,0.0628198733946797
"94",20.7676767676768,"Anthonomus grandis",0.0767918703844461,0.0807544971718915,0.0652219367313502
"95",21.0505050505051,"Anthonomus grandis",0.0788654433220174,0.0827376295377319,0.0676475893241353
"96",21.3333333333333,"Anthonomus grandis",0.0809886919936116,0.0846764215895029,0.0700227956247145
"97",21.6161616161616,"Anthonomus grandis",0.0831625311384283,0.0865368567242785,0.0723983652368303
"98",21.8989898989899,"Anthonomus grandis",0.0853878173511749,0.0886235787289411,0.0750204190916563
"99",22.1818181818182,"Anthonomus grandis",0.0876653245155717,0.0908173317065908,0.0775667845451527
"100",22.4646464646465,"Anthonomus grandis",0.0899957120473701,0.0930785742216551,0.080229853758876
"101",22.7474747474747,"Anthonomus grandis",0.0923794838237561,0.0954959740296809,0.082825175744896
"102",23.030303030303,"Anthonomus grandis",0.094816935118808,0.0978548254781552,0.085541719614547
"103",23.3131313131313,"Anthonomus grandis",0.0973080841669778,0.100214059336712,0.0885145041286768
"104",23.5959595959596,"Anthonomus grandis",0.0998525841195518,0.102582682499062,0.0913918586737893
"105",23.8787878787879,"Anthonomus grandis",0.102449610129101,0.105109878418415,0.0941877671436709
"106",24.1616161616162,"Anthonomus grandis",0.105097715094042,0.107603671218731,0.097200248134051
"107",24.4444444444444,"Anthonomus grandis",0.107794646247475,0.110129769353732,0.100318357774056
"108",24.7272727272727,"Anthonomus grandis",0.110537113359996,0.112677116498558,0.103470126977324
"109",25.010101010101,"Anthonomus grandis",0.113320498009733,0.115299693002147,0.106139096658343
"110",25.2929292929293,"Anthonomus grandis",0.11613849245654,0.118301799347118,0.108911890488499
"111",25.5757575757576,"Anthonomus grandis",0.11898265665188,0.121504383164243,0.111564232466568
"112",25.8585858585859,"Anthonomus grandis",0.121841883628333,0.124708197490781,0.114114279582798
"113",26.1414141414141,"Anthonomus grandis",0.124701768135451,0.128150399679006,0.116609641352405
"114",26.4242424242424,"Anthonomus grandis",0.127543882549377,0.131550276729588,0.119136432509922
"115",26.7070707070707,"Anthonomus grandis",0.130344979767689,0.135142878476202,0.121164043654294
"116",26.989898989899,"Anthonomus grandis",0.133076166996289,0.138633495284619,0.123355810439471
"117",27.2727272727273,"Anthonomus grandis",0.135702128180851,0.142066223685956,0.124974291644825
"118",27.5555555555556,"Anthonomus grandis",0.138180515060247,0.145813360209009,0.126641298402354
"119",27.8383838383838,"Anthonomus grandis",0.140461671458079,0.149521479454057,0.128154146916033
"120",28.1212121212121,"Anthonomus grandis",0.142488889410466,0.15335021381389,0.129244851344908
"121",28.4040404040404,"Anthonomus grandis",0.14419939802484,0.15719827543054,0.129744608652374
"122",28.6868686868687,"Anthonomus grandis",0.145526231159139,0.160955107761457,0.130262752896831
"123",28.969696969697,"Anthonomus grandis",0.146400989053723,0.163876183701205,0.129981551503139
"124",29.2525252525253,"Anthonomus grandis",0.146757306489973,0.16496385765152,0.129351080393688
"125",29.5353535353535,"Anthonomus grandis",0.14653460956917,0.161702052796712,0.128068585505235
"126",29.8181818181818,"Anthonomus grandis",0.145681566236067,0.153631640966567,0.12623320612668
"127",30.1010101010101,"Anthonomus grandis",0.144158601316391,0.146428854593963,0.112911852664834
"128",30.3838383838384,"Anthonomus grandis",0.141939001204053,0.145431204495466,0.0734038744802153
"129",30.6666666666667,"Anthonomus grandis",0.13900844097625,0.143827111266202,0.026705229849496
"130",30.9494949494949,"Anthonomus grandis",0.135363118758389,0.14135485132978,-0.0255631194776139
"131",31.2323232323232,"Anthonomus grandis",0.13100695272857,0.139495220897322,-0.0838476648582823
"132",31.5151515151515,"Anthonomus grandis",0.125948408105605,0.138034661606538,-0.1
"133",31.7979797979798,"Anthonomus grandis",0.120197475891176,0.136139072116041,-0.1
"134",32.0808080808081,"Anthonomus grandis",0.113763182123954,0.134333841010672,-0.1
"135",32.3636363636364,"Anthonomus grandis",0.106651841472631,0.132570980600357,-0.1
"136",32.6464646464647,"Anthonomus grandis",0.0988661376198166,0.130247952625622,-0.1
"137",32.9292929292929,"Anthonomus grandis",0.0904050380515503,0.128319369995768,-0.1
"138",33.2121212121212,"Anthonomus grandis",0.0812645289078855,0.126399192806335,-0.1
"139",33.4949494949495,"Anthonomus grandis",0.0714391682378869,0.123863501218454,-0.1
"140",33.7777777777778,"Anthonomus grandis",0.0609244800839495,0.119850629586446,-0.1
"141",34.0606060606061,"Anthonomus grandis",0.0497202234407749,0.116039967784445,-0.1
"142",34.3434343434343,"Anthonomus grandis",0.0378345456718387,0.110814861678859,-0.1
"143",34.6262626262626,"Anthonomus grandis",0.025288946378985,0.102687994905542,-0.1
"144",34.9090909090909,"Anthonomus grandis",0.0121238156641196,0.0887150143626251,-0.1
"145",35.1919191919192,"Anthonomus grandis",0,0.0808089000653884,-0.1
"146",2.47474747474747,"Rhopalosiphum maidis",0,0.0168023044881869,-0.0233832542753862
"147",2.82828282828283,"Rhopalosiphum maidis",0.00138517697168016,0.019012127152378,-0.0209852811706707
"148",3.18181818181818,"Rhopalosiphum maidis",0.00379733497692607,0.0212778756348465,-0.0185024555971648
"149",3.53535353535354,"Rhopalosiphum maidis",0.00626889039970269,0.0235537633459902,-0.0160015747359146
"150",3.88888888888889,"Rhopalosiphum maidis",0.00879708745740885,0.0259115657506627,-0.0134216975843503
"151",4.24242424242424,"Rhopalosiphum maidis",0.0113785929705746,0.0282728082995198,-0.0106999354480803
"152",4.5959595959596,"Rhopalosiphum maidis",0.0140095081286366,0.0306775884087615,-0.00794306139232226
"153",4.94949494949495,"Rhopalosiphum maidis",0.0166853928763234,0.0330810433713793,-0.00509572110325153
"154",5.3030303030303,"Rhopalosiphum maidis",0.0194013037867801,0.0355166997993863,-0.00214273116675877
"155",5.65656565656566,"Rhopalosiphum maidis",0.0221518459196591,0.037983637635491,0.000811227200174539
"156",6.01010101010101,"Rhopalosiphum maidis",0.0249312387195372,0.0404718936906217,0.00389947662615624
"157",6.36363636363636,"Rhopalosiphum maidis",0.0277333955065676,0.0429634450553841,0.00698941225268041
"158",6.71717171717172,"Rhopalosiphum maidis",0.0305520155681513,0.0454084594202591,0.010145351375056
"159",7.07070707070707,"Rhopalosiphum maidis",0.033380687304503,0.0478357474373184,0.0132117678773907
"160",7.42424242424242,"Rhopalosiphum maidis",0.0362130003436887,0.050347774597988,0.01632007522554
"161",7.77777777777778,"Rhopalosiphum maidis",0.0390426640567103,0.0528424738507289,0.01947469196241
"162",8.13131313131313,"Rhopalosiphum maidis",0.0418636295040151,0.0552945963954723,0.0226380302994524
"163",8.48484848484848,"Rhopalosiphum maidis",0.0446702115615861,0.057685829503596,0.0258693123924427
"164",8.83838383838384,"Rhopalosiphum maidis",0.0474572078315849,0.0601173627156162,0.0290366050478372
"165",9.19191919191919,"Rhopalosiphum maidis",0.0502200109546793,0.0624990047488794,0.0322191175012508
"166",9.54545454545454,"Rhopalosiphum maidis",0.0529547111133794,0.0647556011128581,0.035354420056077
"167",9.8989898989899,"Rhopalosiphum maidis",0.0556581858412662,0.0669845839196013,0.0385259740243121
"168",10.2525252525253,"Rhopalosiphum maidis",0.0583281747140429,0.0692100194336571,0.0416389543829037
"169",10.6060606060606,"Rhopalosiphum maidis",0.0609633370672216,0.0714284752029466,0.0447381664206907
"170",10.959595959596,"Rhopalosiphum maidis",0.0635632915270943,0.0735963099916098,0.0478128620189658
"171",11.3131313131313,"Rhopalosiphum maidis",0.066128636817151,0.0756423159173928,0.0508886100386231
"172",11.6666666666667,"Rhopalosiphum maidis",0.0686609539712617,0.0776967972312015,0.054018610957433
"173",12.020202020202,"Rhopalosiphum maidis",0.0711627907101803,0.0798091088891031,0.0570442422656325
"174",12.3737373737374,"Rhopalosiphum maidis",0.0736376292870666,0.0819251723435975,0.0600050616094268
"175",12.7272727272727,"Rhopalosiphum maidis",0.0760898395560509,0.0839551945388136,0.0629895742522964
"176",13.0808080808081,"Rhopalosiphum maidis",0.0785246193495368,0.0859917438434489,0.0659714899977149
"177",13.4343434343434,"Rhopalosiphum maidis",0.0809479244580249,0.0880300545827728,0.0689272907040676
"178",13.7878787878788,"Rhopalosiphum maidis",0.0833663905924142,0.0900923366373184,0.0718146932310356
"179",14.1414141414141,"Rhopalosiphum maidis",0.0857872496818717,0.0920909567393575,0.0747226733774164
"180",14.4949494949495,"Rhopalosiphum maidis",0.0882182427348808,0.0941238416156138,0.0775996791750703
"181",14.8484848484848,"Rhopalosiphum maidis",0.090667531285024,0.0962357918357712,0.0804645803447784
"182",15.2020202020202,"Rhopalosiphum maidis",0.0931436091763162,0.0985456478512615,0.0834551513339394
"183",15.5555555555556,"Rhopalosiphum maidis",0.0956552161352975,0.100853691960874,0.0864961762852373
"184",15.9090909090909,"Rhopalosiphum maidis",0.0982112542472482,0.103136587885096,0.0895126761559806
"185",16.2626262626263,"Rhopalosiphum maidis",0.100820708118099,0.105486312840169,0.0924600075468374
"186",16.6161616161616,"Rhopalosiphum maidis",0.103492569175258,0.107982061975235,0.0955128939445554
"187",16.969696969697,"Rhopalosiphum maidis",0.106235764249941,0.110517742657373,0.0985774278415486
"188",17.3232323232323,"Rhopalosiphum maidis",0.109059088297859,0.113143984065274,0.101726410495961
"189",17.6767676767677,"Rhopalosiphum maidis",0.111971140858572,0.115891270670878,0.105071202222016
"190",18.030303030303,"Rhopalosiphum maidis",0.114980265628373,0.118678886085786,0.108371158584184
"191",18.3838383838384,"Rhopalosiphum maidis",0.118094492327052,0.121592039146573,0.111763548032401
"192",18.7373737373737,"Rhopalosiphum maidis",0.121321479873592,0.124647886106249,0.11539347370751
"193",19.0909090909091,"Rhopalosiphum maidis",0.124668459746831,0.12778605612413,0.11925056516423
"194",19.4444444444444,"Rhopalosiphum maidis",0.128142178290398,0.131083422867219,0.122931334899887
"195",19.7979797979798,"Rhopalosiphum maidis",0.131748836621973,0.134611800854695,0.126719485868961
"196",20.1515151515152,"Rhopalosiphum maidis",0.135494026718802,0.138261011669863,0.130572776676263
"197",20.5050505050505,"Rhopalosiphum maidis",0.139382662166319,0.142040672360758,0.134349610114307
"198",20.8585858585859,"Rhopalosiphum maidis",0.143418901962865,0.146000395694773,0.13843546383434
"199",21.2121212121212,"Rhopalosiphum maidis",0.147606065652912,0.149982875740774,0.142649959746462
"200",21.5656565656566,"Rhopalosiphum maidis",0.151946537885105,0.154219692165599,0.146892125841159
"201",21.9191919191919,"Rhopalosiphum maidis",0.156441660212606,0.158761241870446,0.151289407834804
"202",22.2727272727273,"Rhopalosiphum maidis",0.161091607492739,0.163377018996386,0.156078102528362
"203",22.6262626262626,"Rhopalosiphum maidis",0.165895245468936,0.168233814748809,0.161016106448075
"204",22.979797979798,"Rhopalosiphum maidis",0.170849964809741,0.173243024853734,0.165978437199914
"205",23.3333333333333,"Rhopalosiphum maidis",0.175951484667954,0.178398139894711,0.17104600582964
"206",23.6868686868687,"Rhopalosiphum maidis",0.181193615092464,0.183900094129543,0.176208151171332
"207",24.040404040404,"Rhopalosiphum maidis",0.186567961352246,0.189361385619822,0.181172587100326
"208",24.3939393939394,"Rhopalosiphum maidis",0.192063542718816,0.194998166432803,0.186177899692759
"209",24.7474747474747,"Rhopalosiphum maidis",0.197666280696054,0.200604951321958,0.191442733297302
"210",25.1010101010101,"Rhopalosiphum maidis",0.203358282476529,0.206561216878964,0.196734973737154
"211",25.4545454545455,"Rhopalosiphum maidis",0.209116797025678,0.212439824668436,0.202365841203475
"212",25.8080808080808,"Rhopalosiphum maidis",0.214912641539856,0.21852587049456,0.207923143153367
"213",26.1616161616162,"Rhopalosiphum maidis",0.220707765969646,0.224632528845556,0.213173598845423
"214",26.5151515151515,"Rhopalosiphum maidis",0.226451413706417,0.230878483962041,0.217972740358411
"215",26.8686868686869,"Rhopalosiphum maidis",0.232074005907619,0.237209959068957,0.222481258553412
"216",27.2222222222222,"Rhopalosiphum maidis",0.237477374436964,0.243026543606374,0.226527649437158
"217",27.5757575757576,"Rhopalosiphum maidis",0.242519255965565,0.249123889872605,0.230064720691386
"218",27.9292929292929,"Rhopalosiphum maidis",0.246989089162151,0.254942146735434,0.232210126380964
"219",28.2828282828283,"Rhopalosiphum maidis",0.250571479688845,0.260485429500885,0.233228951917932
"220",28.6363636363636,"Rhopalosiphum maidis",0.252794331887557,0.265198796489604,0.22997734078763
"221",28.989898989899,"Rhopalosiphum maidis",0.252963209519632,0.268635388846119,0.224116711142238
"222",29.3434343434343,"Rhopalosiphum maidis",0.250096248419909,0.268850211308782,0.211176761485869
"223",29.6969696969697,"Rhopalosiphum maidis",0.242896963950554,0.260054294032047,0.188805696328552
"224",30.0505050505051,"Rhopalosiphum maidis",0.229822127113339,0.24037069771376,0.148332756773764
"225",30.4040404040404,"Rhopalosiphum maidis",0.209275297042371,0.229775514224567,0.0359644621691632
"226",30.7575757575758,"Rhopalosiphum maidis",0.179845597499392,0.216847941767467,-0.1
"227",31.1111111111111,"Rhopalosiphum maidis",0.140389984285642,0.201604310848969,-0.1
"228",31.4646464646465,"Rhopalosiphum maidis",0.0897975822729276,0.180786366549688,-0.1
"229",31.8181818181818,"Rhopalosiphum maidis",0.0264733307025691,0.150340503622869,-0.1
"230",32.1717171717172,"Rhopalosiphum maidis",0,0.110806153938809,-0.1
"231",11.8787878787879,"Muscidifurax zaraptor",0,-0.056316351179749,-0.00612025128326244
"232",12.2020202020202,"Muscidifurax zaraptor",0.00102150886773044,-0.0508428186895889,-0.00509599792773379
"233",12.5252525252525,"Muscidifurax zaraptor",0.00218498136578401,-0.0444278703376821,-0.00400606345572966
"234",12.8484848484848,"Muscidifurax zaraptor",0.00341827860307117,-0.0367444683801815,-0.00281956867277914
"235",13.1717171717172,"Muscidifurax zaraptor",0.00472785210079594,-0.027758719739223,-0.00162505973239935
"236",13.4949494949495,"Muscidifurax zaraptor",0.00612040713638017,-0.0176541235655054,-0.000301746621875363
"237",13.8181818181818,"Muscidifurax zaraptor",0.00760287919202591,-0.00591290952647,0.00113479478505192
"238",14.1414141414141,"Muscidifurax zaraptor",0.00918240180449732,0.00727671804892405,0.00262819270050605
"239",14.4646464646465,"Muscidifurax zaraptor",0.0108662646577592,0.0213569905950322,0.00420313046017832
"240",14.7878787878788,"Muscidifurax zaraptor",0.0232298759102381,0.0344847767554425,0.0119132434016055
"241",15.1111111111111,"Muscidifurax zaraptor",0.0332151267694235,0.0435155193882277,0.0219245505288622
"242",15.4343434343434,"Muscidifurax zaraptor",0.038429232268263,0.0482355633885535,0.0271709746049418
"243",15.7575757575758,"Muscidifurax zaraptor",0.0421720136658839,0.051576987805026,0.0311246434867197
"244",16.0808080808081,"Muscidifurax zaraptor",0.045765940534186,0.0548448443846932,0.0348563318226881
"245",16.4040404040404,"Muscidifurax zaraptor",0.0494667912708448,0.0582489821733906,0.0387433225992202
"246",16.7272727272727,"Muscidifurax zaraptor",0.0533206683674929,0.0617710751493706,0.0428270995608972
"247",17.0505050505051,"Muscidifurax zaraptor",0.0573353299968706,0.06552439596628,0.0471562688032732
"248",17.3737373737374,"Muscidifurax zaraptor",0.0615105901568551,0.0693544984786222,0.051679452626131
"249",17.6969696969697,"Muscidifurax zaraptor",0.065843757777446,0.0735643888938891,0.056391996849202
"250",18.020202020202,"Muscidifurax zaraptor",0.0703305717184594,0.0779234854026795,0.0613700751334502
"251",18.3434343434343,"Muscidifurax zaraptor",0.0749653291648386,0.0824676422699283,0.0663046734049076
"252",18.6666666666667,"Muscidifurax zaraptor",0.0797408832671003,0.0871319962218762,0.0711894284452221
"253",18.989898989899,"Muscidifurax zaraptor",0.0846486348221236,0.0919676929558568,0.0761070956910242
"254",19.3131313131313,"Muscidifurax zaraptor",0.089678542091626,0.0968226608996828,0.0810956250354606
"255",19.6363636363636,"Muscidifurax zaraptor",0.094819154131727,0.101891886544831,0.0862809710824478
"256",19.959595959596,"Muscidifurax zaraptor",0.100057669043526,0.107061194904583,0.0915980179478139
"257",20.2828282828283,"Muscidifurax zaraptor",0.105380017165274,0.112564417816175,0.0968709438482043
"258",20.6060606060606,"Muscidifurax zaraptor",0.110770968242959,0.1181127272696,0.102205709736816
"259",20.9292929292929,"Muscidifurax zaraptor",0.116214260684358,0.123961297160024,0.107680718395691
"260",21.2525252525253,"Muscidifurax zaraptor",0.121692750097017,0.129524138838153,0.113248065386978
"261",21.5757575757576,"Muscidifurax zaraptor",0.127188573467715,0.13508993849157,0.11874823352585
"262",21.8989898989899,"Muscidifurax zaraptor",0.132683324602566,0.14067786058684,0.124045950836087
"263",22.2222222222222,"Muscidifurax zaraptor",0.138158235853108,0.146072416382176,0.129285092915276
"264",22.5454545454545,"Muscidifurax zaraptor",0.1435943607359,0.151502539725079,0.134653353938084
"265",22.8686868686869,"Muscidifurax zaraptor",0.148972751832717,0.156806990162191,0.140104348845919
"266",23.1919191919192,"Muscidifurax zaraptor",0.154274628343177,0.162056649528814,0.145500209245815
"267",23.5151515151515,"Muscidifurax zaraptor",0.15948152784709,0.166955270938752,0.150824450797167
"268",23.8383838383838,"Muscidifurax zaraptor",0.164575437202251,0.172094816959622,0.155816840397806
"269",24.1616161616162,"Muscidifurax zaraptor",0.169538898026958,0.176913181148672,0.160801392249115
"270",24.4848484848485,"Muscidifurax zaraptor",0.1743550828592,0.181552062692539,0.165632160644162
"271",24.8080808080808,"Muscidifurax zaraptor",0.179007838806033,0.185990625043114,0.170210271084565
"272",25.1313131313131,"Muscidifurax zaraptor",0.183481696256227,0.190338504021284,0.174671616775068
"273",25.4545454545455,"Muscidifurax zaraptor",0.187761840988569,0.194736654379224,0.178941290590143
"274",25.7777777777778,"Muscidifurax zaraptor",0.191834048735194,0.19885946664649,0.183082557362092
"275",26.1010101010101,"Muscidifurax zaraptor",0.195684581929385,0.20284818566376,0.186884379368965
"276",26.4242424242424,"Muscidifurax zaraptor",0.199300048964611,0.206535736661488,0.190252455348576
"277",26.7474747474747,"Muscidifurax zaraptor",0.202667226808232,0.210223922219103,0.193630922964363
"278",27.0707070707071,"Muscidifurax zaraptor",0.205772848246272,0.213472808361683,0.196711856862348
"279",27.3939393939394,"Muscidifurax zaraptor",0.208603355382401,0.216397958416599,0.199271174930928
"280",27.7171717171717,"Muscidifurax zaraptor",0.211144621265255,0.219009934734539,0.201575018690562
"281",28.040404040404,"Muscidifurax zaraptor",0.213381641646867,0.221252382988221,0.203551950183482
"282",28.3636363636364,"Muscidifurax zaraptor",0.21529819882497,0.223153098262874,0.205333637445661
"283",28.6868686868687,"Muscidifurax zaraptor",0.216876499192122,0.224702842763932,0.206713049279802
"284",29.010101010101,"Muscidifurax zaraptor",0.218096785342492,0.225695796609582,0.207706102045405
"285",29.3333333333333,"Muscidifurax zaraptor",0.218936922134289,0.226350149539281,0.208279376760162
"286",29.6565656565657,"Muscidifurax zaraptor",0.219371953648557,0.226534004546422,0.208528337876703
"287",29.979797979798,"Muscidifurax zaraptor",0.219373624116962,0.226410430095962,0.208235651074491
"288",30.3030303030303,"Muscidifurax zaraptor",0.218909850144983,0.226887768971882,0.207214844094528
"289",30.6262626262626,"Muscidifurax zaraptor",0.21794412345168,0.227401127503063,0.205729984769256
"290",30.949494949495,"Muscidifurax zaraptor",0.216434812464137,0.227880868323453,0.20321845478807
"291",31.2727272727273,"Muscidifurax zaraptor",0.214334317185754,0.228087863424186,0.199890769139494
"292",31.5959595959596,"Muscidifurax zaraptor",0.211588014807006,0.228065605541873,0.195375744283155
"293",31.9191919191919,"Muscidifurax zaraptor",0.208132913884026,0.227533996610155,0.189380234298584
"294",32.2424242424242,"Muscidifurax zaraptor",0.203895913245401,0.22613791763541,0.181535231509121
"295",32.5656565656566,"Muscidifurax zaraptor",0.198791538988145,0.222256527234037,0.171047581487872
"296",32.8888888888889,"Muscidifurax zaraptor",0.192719009844741,0.210520186402364,0.157482659978907
"297",33.2121212121212,"Muscidifurax zaraptor",0.185558458314691,0.203608113073811,0.126675679744031
"298",33.5353535353535,"Muscidifurax zaraptor",0.177166111963072,0.200434111735022,0.0525058066031542
"299",33.8585858585859,"Muscidifurax zaraptor",0.167368214849496,0.196765524705159,-0.0420632009358306
"300",34.1818181818182,"Muscidifurax zaraptor",0.155953440673073,0.19279993701796,-0.1
"301",34.5050505050505,"Muscidifurax zaraptor",0.142663513426645,0.188412953701125,-0.1
"302",34.8282828282828,"Muscidifurax zaraptor",0.127181704055831,0.183489766726807,-0.1
"303",35.1515151515152,"Muscidifurax zaraptor",0.10911880856707,0.178155110973544,-0.1
"304",35.4747474747475,"Muscidifurax zaraptor",0.087996130195346,0.171862096672966,-0.1
"305",35.7979797979798,"Muscidifurax zaraptor",0.063224881979916,0.16511485790831,-0.1
"306",36.1212121212121,"Muscidifurax zaraptor",0.0340812930256723,0.156976506161275,-0.1
"307",36.4444444444444,"Muscidifurax zaraptor",-0.000323461614072938,0.147777287523942,-0.1
"308",36.7676767676768,"Muscidifurax zaraptor",0,0.137603296091118,-0.1
"309",9.54545454545454,"Aphis nasturtii",0,0.0483719708169455,-0.0495700522820364
"310",9.8989898989899,"Aphis nasturtii",0.0315053045821428,0.058599549806297,-0.0157313451583771
"311",10.2525252525253,"Aphis nasturtii",0.0413551604007862,0.0664917472014834,0.00240290852588915
"312",10.6060606060606,"Aphis nasturtii",0.0484446445571609,0.0719711061802942,0.0141179708218031
"313",10.959595959596,"Aphis nasturtii",0.0537346544047176,0.0755141061908321,0.0224143107426236
"314",11.3131313131313,"Aphis nasturtii",0.0578322600868683,0.0779599681523735,0.029529459926776
"315",11.6666666666667,"Aphis nasturtii",0.0611248544414051,0.0798828004217578,0.0346294810534295
"316",12.020202020202,"Aphis nasturtii",0.063863874607763,0.0813122661058036,0.0387959855448758
"317",12.3737373737374,"Aphis nasturtii",0.0662167183606444,0.0824024816164171,0.0425111772907266
"318",12.7272727272727,"Aphis nasturtii",0.0682986730315209,0.0834795150468812,0.04584984294187
"319",13.0808080808081,"Aphis nasturtii",0.0701923615825438,0.0846007709155033,0.0489365954186426
"320",13.4343434343434,"Aphis nasturtii",0.0719594662149634,0.085547995500029,0.0520967411049497
"321",13.7878787878788,"Aphis nasturtii",0.0736477372991936,0.0864935209235763,0.0549330014488675
"322",14.1414141414141,"Aphis nasturtii",0.0752951731027468,0.0874400069505428,0.0576848481503336
"323",14.4949494949495,"Aphis nasturtii",0.0769325371151902,0.0885908292447499,0.0602931854946444
"324",14.8484848484848,"Aphis nasturtii",0.0785849215339596,0.0898014926504788,0.0629486375635719
"325",15.2020202020202,"Aphis nasturtii",0.0802727761855377,0.091108607285289,0.0655394552942389
"326",15.5555555555556,"Aphis nasturtii",0.0820126425477364,0.0925668667818767,0.0681576829921259
"327",15.9090909090909,"Aphis nasturtii",0.0838177237386358,0.0939960824499153,0.0706746828991512
"328",16.2626262626263,"Aphis nasturtii",0.0856983576525775,0.0954878873355851,0.073308112921937
"329",16.6161616161616,"Aphis nasturtii",0.08766242486822,0.0973482750264919,0.0757107412825993
"330",16.969696969697,"Aphis nasturtii",0.0897157043975361,0.0993122666500374,0.0784113482329357
"331",17.3232323232323,"Aphis nasturtii",0.0918621816240493,0.101248470370242,0.0810164372565441
"332",17.6767676767677,"Aphis nasturtii",0.0941043094075179,0.103574146232317,0.0836112032391609
"333",18.030303030303,"Aphis nasturtii",0.0964432226059925,0.105965694059668,0.0861555773536468
"334",18.3838383838384,"Aphis nasturtii",0.0988789066367215,0.108469954851217,0.0888156597477509
"335",18.7373737373737,"Aphis nasturtii",0.101410321343136,0.11117544993736,0.0914461288342338
"336",19.0909090909091,"Aphis nasturtii",0.104035481971769,0.114131920174722,0.0940881831877435
"337",19.4444444444444,"Aphis nasturtii",0.106751499354674,0.116984109319813,0.0969038617257688
"338",19.7979797979798,"Aphis nasturtii",0.109554581435158,0.120179909527875,0.0995246788358207
"339",20.1515151515152,"Aphis nasturtii",0.112439998124122,0.123599914421182,0.102081205800515
"340",20.5050505050505,"Aphis nasturtii",0.115402011210708,0.127207671467314,0.104728348829239
"341",20.8585858585859,"Aphis nasturtii",0.118433770757955,0.130677743023455,0.107345307359441
"342",21.2121212121212,"Aphis nasturtii",0.121527179171782,0.134219343176914,0.109950041045916
"343",21.5656565656566,"Aphis nasturtii",0.124672724014636,0.137559612449922,0.112539704182902
"344",21.9191919191919,"Aphis nasturtii",0.127859280713932,0.141021268058857,0.115292329819657
"345",22.2727272727273,"Aphis nasturtii",0.131073886656729,0.144548591013036,0.117680933810314
"346",22.6262626262626,"Aphis nasturtii",0.13430148882825,0.148006381313174,0.11980750529276
"347",22.979797979798,"Aphis nasturtii",0.137524668197333,0.1510711742866,0.122110943911445
"348",23.3333333333333,"Aphis nasturtii",0.140723345514622,0.154437814579659,0.124298318551612
"349",23.6868686868687,"Aphis nasturtii",0.143874475079016,0.157682493575007,0.12637819854201
"350",24.040404040404,"Aphis nasturtii",0.146951735307387,0.161129494151441,0.12842818296599
"351",24.3939393939394,"Aphis nasturtii",0.14992522750682,0.164619679677795,0.129980936559054
"352",24.7474747474747,"Aphis nasturtii",0.15276119690188,0.167958985253604,0.131445257857951
"353",25.1010101010101,"Aphis nasturtii",0.155421792407868,0.171371182641299,0.132664388072964
"354",25.4545454545455,"Aphis nasturtii",0.15786488344851,0.174620667074161,0.133801972777615
"355",25.8080808080808,"Aphis nasturtii",0.160043952785275,0.17703099730511,0.134578789531084
"356",26.1616161616162,"Aphis nasturtii",0.161908083311981,0.180081467182693,0.134488384690628
"357",26.5151515151515,"Aphis nasturtii",0.163402053590893,0.183069927618968,0.133961657353105
"358",26.8686868686869,"Aphis nasturtii",0.164466551280348,0.185515636115589,0.132542998705294
"359",27.2222222222222,"Aphis nasturtii",0.165038505591233,0.187991259208709,0.130189678241625
"360",27.5757575757576,"Aphis nasturtii",0.165051530045231,0.190193409551568,0.126872073480526
"361",27.9292929292929,"Aphis nasturtii",0.164436456145536,0.192203186865593,0.122386893709175
"362",28.2828282828283,"Aphis nasturtii",0.163121928602169,0.19374091058325,0.116555160198839
"363",28.6363636363636,"Aphis nasturtii",0.161035025174382,0.194748983226571,0.108854126350942
"364",28.989898989899,"Aphis nasturtii",0.158101860544823,0.195544534631687,0.0994523592103885
"365",29.3434343434343,"Aphis nasturtii",0.154248134918931,0.195423920140939,0.0888487546429714
"366",29.6969696969697,"Aphis nasturtii",0.149399594383364,0.194841642507706,0.0770111358746912
"367",30.0505050505051,"Aphis nasturtii",0.143482380620166,0.192252600786521,0.0620063054915556
"368",30.4040404040404,"Aphis nasturtii",0.136423260688185,0.190829745708962,0.0438557012106951
"369",30.7575757575758,"Aphis nasturtii",0.128149741112985,0.188715101510086,0.024568091104615
"370",31.1111111111111,"Aphis nasturtii",0.118590082345563,0.186064178426257,0.000549052307321847
"371",31.4646464646465,"Aphis nasturtii",0.107673238085764,0.182444430216543,-0.0273151370366902
"372",31.8181818181818,"Aphis nasturtii",0.0953287480815407,0.178295088590184,-0.0561665202431084
"373",32.1717171717172,"Aphis nasturtii",0.0814866126791759,0.172803701328103,-0.0900100009628414
"374",32.5252525252525,"Aphis nasturtii",0.0660771731666383,0.165989274443957,-0.1
"375",32.8787878787879,"Aphis nasturtii",0.0490310148271035,0.158771611642757,-0.1
"376",33.2323232323232,"Aphis nasturtii",0.030278900797465,0.151756166124884,-0.1
"377",33.5858585858586,"Aphis nasturtii",0.00975173547845271,0.142045253599625,-0.1
"378",33.9393939393939,"Aphis nasturtii",0,0.130942637036417,-0.1
"379",16.010101010101,"Paracoccus marginatu",0,0.0317198103418333,-0.1
"380",16.2121212121212,"Paracoccus marginatu",0.00220206800368768,0.0331095655427187,-0.1
"381",16.4141414141414,"Paracoccus marginatu",0.0116565301967211,0.0346337850806907,-0.1
"382",16.6161616161616,"Paracoccus marginatu",0.0176439617451294,0.0360335518083804,-0.1
"383",16.8181818181818,"Paracoccus marginatu",0.0217365536654521,0.0374112816817686,-0.1
"384",17.020202020202,"Paracoccus marginatu",0.024740955742675,0.0386546477132131,-0.1
"385",17.2222222222222,"Paracoccus marginatu",0.0271010333071969,0.0399199526645222,-0.1
"386",17.4242424242424,"Paracoccus marginatu",0.0290829468195777,0.0412877881182795,-0.0589984003549015
"387",17.6262626262626,"Paracoccus marginatu",0.0308557419308007,0.0426010481654638,-0.0161571709410465
"388",17.8282828282828,"Paracoccus marginatu",0.032527897493643,0.0439050201931238,0.00589893090701017
"389",18.030303030303,"Paracoccus marginatu",0.0341675345059896,0.0453421915208299,0.0144830641327584
"390",18.2323232323232,"Paracoccus marginatu",0.0358160918618831,0.0463960129254513,0.0163191630083336
"391",18.4343434343434,"Paracoccus marginatu",0.0374980827182798,0.0480771060575395,0.0180807168765664
"392",18.6363636363636,"Paracoccus marginatu",0.0392277572097228,0.0498154646050383,0.0198109558923851
"393",18.8383838383838,"Paracoccus marginatu",0.0410133673133442,0.0515987764846751,0.0216232219399055
"394",19.040404040404,"Paracoccus marginatu",0.0428597458727626,0.0533398687844888,0.0235717143496523
"395",19.2424242424242,"Paracoccus marginatu",0.0447697980853016,0.0551275212721129,0.0255114500325073
"396",19.4444444444444,"Paracoccus marginatu",0.0467453328200233,0.0569936218086951,0.0275046386289656
"397",19.6464646464646,"Paracoccus marginatu",0.0487875084647739,0.0589406159112921,0.0293647490457332
"398",19.8484848484848,"Paracoccus marginatu",0.05089705856165,0.0609813124140492,0.0311535697715432
"399",20.0505050505051,"Paracoccus marginatu",0.0530743927065153,0.0630061454627162,0.0329651745509022
"400",20.2525252525253,"Paracoccus marginatu",0.0553196266007026,0.0652624475586305,0.0348484921514935
"401",20.4545454545455,"Paracoccus marginatu",0.0576325713482699,0.0676338306683808,0.0367904150538785
"402",20.6565656565657,"Paracoccus marginatu",0.0600126988372077,0.0701697151945841,0.0390502496746417
"403",20.8585858585859,"Paracoccus marginatu",0.0624590928321819,0.0727762512756987,0.0414619906404179
"404",21.0606060606061,"Paracoccus marginatu",0.0649703916193853,0.0754742000586859,0.0437589444284526
"405",21.2626262626263,"Paracoccus marginatu",0.0675447262017012,0.0780308375019127,0.0459830109704176
"406",21.4646464646465,"Paracoccus marginatu",0.0701796573176419,0.0807218465621851,0.0483351856601241
"407",21.6666666666667,"Paracoccus marginatu",0.0728721144801196,0.083516832223403,0.0511065254518933
"408",21.8686868686869,"Paracoccus marginatu",0.0756183405160909,0.0863255121574756,0.0539275550177282
"409",22.0707070707071,"Paracoccus marginatu",0.0784138455386257,0.0892521800752077,0.0569240876388014
"410",22.2727272727273,"Paracoccus marginatu",0.0812533747364189,0.0920282425283557,0.0598644908242078
"411",22.4747474747475,"Paracoccus marginatu",0.0841308946664573,0.0946991743026428,0.0626245761984969
"412",22.6767676767677,"Paracoccus marginatu",0.0870396027268905,0.0974589155452018,0.0652998958572026
"413",22.8787878787879,"Paracoccus marginatu",0.0899719640185566,0.100316597696824,0.0677017639447014
"414",23.0808080808081,"Paracoccus marginatu",0.0929197787525672,0.103062175654854,0.0704698660722805
"415",23.2828282828283,"Paracoccus marginatu",0.0958742816640219,0.105894465023533,0.0731952452582658
"416",23.4848484848485,"Paracoccus marginatu",0.0988262725786714,0.108649257383154,0.0760776584753421
"417",23.6868686868687,"Paracoccus marginatu",0.10176627450173,0.11131157904673,0.0787741485340166
"418",23.8888888888889,"Paracoccus marginatu",0.104684712636114,0.113984883964995,0.0815671638591339
"419",24.0909090909091,"Paracoccus marginatu",0.107572104973885,0.116563619412308,0.084141058364972
"420",24.2929292929293,"Paracoccus marginatu",0.110419252962895,0.119139316228163,0.0869604753487996
"421",24.4949494949495,"Paracoccus marginatu",0.113217419601611,0.121497842384532,0.0900443323738732
"422",24.6969696969697,"Paracoccus marginatu",0.115958482376462,0.123773861540477,0.0925178789197245
"423",24.8989898989899,"Paracoccus marginatu",0.118635049708072,0.12642368434495,0.0945020376515618
"424",25.1010101010101,"Paracoccus marginatu",0.121240531720792,0.12970071705166,0.0953975950445917
"425",25.3030303030303,"Paracoccus marginatu",0.12376915864187,0.13384474392499,0.0967565313763475
"426",25.5050505050505,"Paracoccus marginatu",0.126215942226738,0.138230606865862,0.0972965191568458
"427",25.7070707070707,"Paracoccus marginatu",0.128576576435302,0.142494449507327,0.0978220149597081
"428",25.9090909090909,"Paracoccus marginatu",0.13084727222906,0.147282637267895,0.0979580998029993
"429",26.1111111111111,"Paracoccus marginatu",0.133024516823943,0.1516631775766,0.0979280433644124
"430",26.3131313131313,"Paracoccus marginatu",0.135104738842825,0.155721770842364,0.0976454912562871
"431",26.5151515151515,"Paracoccus marginatu",0.137083846001384,0.160286536008125,0.0971036539447701
"432",26.7171717171717,"Paracoccus marginatu",0.138956578977072,0.164464181056873,0.0961534167368359
"433",26.9191919191919,"Paracoccus marginatu",0.140715590631563,0.168849964192765,0.0952297270159267
"434",27.1212121212121,"Paracoccus marginatu",0.142350109015972,0.172666760878977,0.0943876991216608
"435",27.3232323232323,"Paracoccus marginatu",0.143843969191531,0.176391982075522,0.0930679690570093
"436",27.5252525252525,"Paracoccus marginatu",0.145172695361804,0.180205652250985,0.0916155880949995
"437",27.7272727272727,"Paracoccus marginatu",0.146299175111787,0.183489471046407,0.0897100420968214
"438",27.9292929292929,"Paracoccus marginatu",0.147167294697108,0.185872518420599,0.0867814566675474
"439",28.1313131313131,"Paracoccus marginatu",0.147692729448257,0.187946398659301,0.0836691742053392
"440",28.3333333333333,"Paracoccus marginatu",0.147750008881028,0.189597533018337,0.0807588513168563
"441",28.5353535353535,"Paracoccus marginatu",0.14715526352838,0.190132276154146,0.0773919304592747
"442",28.7373737373737,"Paracoccus marginatu",0.145645281953665,0.189643281825508,0.0730690913126052
"443",28.9393939393939,"Paracoccus marginatu",0.142856725413676,0.188874048142983,0.0671678634540468
"444",29.1414141414141,"Paracoccus marginatu",0.13831606720922,0.186020594553664,0.0611275298995528
"445",29.3434343434343,"Paracoccus marginatu",0.131461842263115,0.180358641087695,0.0530314952835557
"446",29.5454545454545,"Paracoccus marginatu",0.121732305766035,0.168239537658817,0.0430231581789635
"447",29.7474747474747,"Paracoccus marginatu",0.108748152277085,0.146380890494952,0.029354734084561
"448",29.9494949494949,"Paracoccus marginatu",0.0925733539769343,0.116172999189477,0.0143642113805459
"449",30.1515151515151,"Paracoccus marginatu",0.073937294915512,0.102021881614304,-0.020781041496863
"450",30.3535353535354,"Paracoccus marginatu",0.0542225437471499,0.0936625907074884,-0.0563477960321726
"451",30.5555555555556,"Paracoccus marginatu",0.0351125085425425,0.0855546641095153,-0.0781764449822271
"452",30.7575757575758,"Paracoccus marginatu",0.0180585896626418,0.0780187863810226,-0.0902147574980013
"453",30.959595959596,"Paracoccus marginatu",0.0038945966267945,0.0700246833742942,-0.0973805978096186
"454",31.1616161616162,"Paracoccus marginatu",0,0.0617111068251984,-0.1
